{"type":"FeatureCollection","features":[
{"type":"Feature","properties":{"name":"Lille Fake Background","fillStyle":{"color":[69,70,70],"opacity":1.0},"lineStyle":{"color":[69,70,70],"width":1}},"geometry":{"type":"MultiPolygon","coordinates":[[[[-6.044508,54.982346],[9.293625,54.959572],[9.403184,45.985521],[-5.995815,46.008295],[-6.044508,54.982346]]]]}},
{"type":"Feature","properties":{"name":"Lille Coastline","fillStyle":{"color":[69,70,70],"opacity":1.0},"lineStyle":{"color":[255,255,255],"width":1}},"geometry":{"type":"MultiPolygon","coordinates":[[[[4.711681,52.863105],[4.669444,52.796576],[4.659841,52.765286],[4.657074,52.75019],[4.639334,52.70067],[4.596934,52.506578],[4.577322,52.480943],[4.577322,52.473578],[4.568614,52.445258],[4.508149,52.336371],[4.406912,52.223456],[4.284679,52.112942],[4.141856,52.005601],[4.107677,51.991889],[4.069021,51.987942],[4.022472,51.994371],[4.015636,51.987698],[4.01002,51.980129],[4.021169,51.963324],[4.040212,51.924058],[4.043468,51.908677],[4.04127,51.905504],[4.036632,51.901557],[4.031993,51.896064],[4.029796,51.888251],[4.032074,51.882025],[4.037852,51.877916],[4.044607,51.874498],[4.070079,51.852729],[4.077647,51.843573],[4.06544,51.837104],[4.055024,51.834215],[4.047618,51.833686],[4.043468,51.834215],[4.015636,51.843573],[3.982188,51.848293],[3.962657,51.847357],[3.954112,51.840155],[3.891368,51.828274],[3.862315,51.816067],[3.871593,51.788275],[3.881114,51.788072],[3.888194,51.788886],[3.891856,51.792955],[3.911388,51.796373],[3.937185,51.796332],[3.962576,51.801215],[3.981456,51.810004],[4.009776,51.797919],[4.033946,51.784247],[4.050792,51.763495],[4.05714,51.730292],[4.071544,51.71719],[4.141124,51.703925],[4.166352,51.692694],[4.176931,51.685858],[4.142914,51.684149],[4.125662,51.679633],[4.112641,51.670803],[4.10963,51.662299],[4.109874,51.650865],[4.112966,51.63939],[4.118012,51.630683],[4.125987,51.624701],[4.135997,51.620429],[4.146658,51.617865],[4.186127,51.616807],[4.189952,51.616685],[4.202647,51.609117],[4.207286,51.590277],[4.206879,51.590522],[4.18336,51.602932],[4.157237,51.607896],[4.067719,51.610663],[4.041189,51.606024],[3.988129,51.590277],[4.067231,51.544013],[4.091319,51.535061],[4.106293,51.533515],[4.13795,51.535875],[4.153331,51.535061],[4.194672,51.523586],[4.230479,51.519558],[4.239757,51.5185],[4.267751,51.508287],[4.288585,51.492133],[4.296723,51.470526],[4.283214,51.447699],[4.263845,51.444403],[4.252778,51.442532],[4.220225,51.443549],[4.20045,51.439521],[4.180837,51.445868],[4.128754,51.441352],[4.104828,51.445705],[4.090017,51.458238],[4.070323,51.492743],[4.05714,51.508368],[4.01588,51.530829],[3.967296,51.543118],[3.871593,51.549384],[3.871593,51.555569],[3.878266,51.559394],[3.895274,51.566596],[3.905772,51.569241],[3.896495,51.583808],[3.882172,51.596096],[3.866059,51.605414],[3.851085,51.610785],[3.828868,51.612738],[3.560395,51.594631],[3.45753,51.55508],[3.447032,51.545966],[3.45102,51.529731],[3.461925,51.518988],[3.494802,51.500922],[3.506847,51.489325],[3.520193,51.473375],[3.535411,51.459215],[3.553396,51.453111],[3.610037,51.445054],[3.632579,51.445705],[3.674001,51.45539],[3.689708,51.454291],[3.72877,51.430813],[3.789073,51.412177],[3.816417,51.39411],[3.827159,51.391059],[3.837901,51.392239],[3.850759,51.397366],[3.886729,51.399807],[3.90211,51.404934],[3.913422,51.415269],[3.943126,51.450385],[3.957042,51.455797],[3.99879,51.453111],[4.015147,51.44892],[4.07016,51.419013],[4.090343,51.411282],[4.111095,51.406968],[4.20102,51.405341],[4.222992,51.409491],[4.234711,51.419013],[4.244884,51.414496],[4.246837,51.406724],[4.246349,51.39643],[4.249034,51.384223],[4.257091,51.372504],[4.261078,51.369371],[4.275645,51.3581],[4.283051,51.350084],[4.286143,51.339667],[4.285411,51.31802],[4.289317,51.309149],[4.29713,51.305162],[4.330821,51.296088],[4.316417,51.276842],[4.30836,51.271226],[4.296723,51.267564],[4.298676,51.269599],[4.305431,51.276597],[4.308116,51.283637],[4.306651,51.28974],[4.302989,51.296088],[4.290782,51.305894],[4.272634,51.315823],[4.256114,51.328437],[4.249034,51.346666],[4.241059,51.356594],[4.222179,51.367743],[4.221528,51.367987],[4.199555,51.376044],[4.180024,51.377427],[4.173676,51.373725],[4.156505,51.357571],[4.121918,51.359361],[4.115489,51.360989],[4.105479,51.366116],[4.081309,51.36815],[4.07016,51.370551],[4.06129,51.376654],[4.050059,51.392239],[4.043468,51.398505],[4.029063,51.404202],[4.005707,51.409817],[3.984141,51.410468],[3.97462,51.401597],[3.969249,51.381659],[3.955821,51.371772],[3.858165,51.345445],[3.833995,51.343248],[3.795909,51.350084],[3.755544,51.350084],[3.734223,51.35578],[3.702159,51.373603],[3.604666,51.391059],[3.541352,51.416734],[3.525727,51.415595],[3.510916,51.407945],[3.349457,51.37523],[3.348969,51.375149],[3.124848,51.329657],[2.923595,51.246487],[2.715668,51.169501],[2.579926,51.104804],[2.542003,51.096869],[2.521821,51.087551],[2.521495,51.087388],[2.506684,51.080756],[2.466075,51.068793],[2.384451,51.055325],[2.324474,51.059882],[2.316091,51.059027],[2.305512,51.055406],[2.134044,51.019965],[1.973481,51.007148],[1.939301,50.994452],[1.921397,50.996772],[1.729828,50.943915],[1.699067,50.925605],[1.670177,50.900092],[1.653331,50.889106],[1.634288,50.884589],[1.613455,50.883368],[1.604828,50.881049],[1.580577,50.868801],[1.580821,50.863715],[1.583181,50.849799],[1.599294,50.812934],[1.605642,50.790025],[1.600108,50.770982],[1.588715,50.756293],[1.567638,50.716742],[1.562673,50.698961],[1.563162,50.67829],[1.573578,50.635565],[1.577891,50.588609],[1.583344,50.574693],[1.610362,50.548163],[1.579275,50.533149],[1.574229,50.492377],[1.573497,50.44538],[1.555186,50.411566],[1.555186,50.404771],[1.610362,50.376899],[1.610362,50.370673],[1.594981,50.372667],[1.572032,50.375678],[1.551524,50.349066],[1.543142,50.310004],[1.541515,50.277899],[1.551117,50.26968],[1.593923,50.256293],[1.603526,50.243476],[1.610037,50.232245],[1.625499,50.224311],[1.645681,50.220038],[1.66505,50.219794],[1.66505,50.212388],[1.644542,50.212388],[1.650076,50.204779],[1.655284,50.200507],[1.661957,50.19892],[1.672537,50.199368],[1.672537,50.192532],[1.664073,50.187079],[1.654307,50.186591],[1.555349,50.217719],[1.521007,50.214667],[1.486827,50.185045],[1.464529,50.132148],[1.455821,50.123603],[1.444102,50.117255],[1.391287,50.075181],[1.260997,50.007514],[1.221202,49.97899],[1.196951,49.973578],[1.172618,49.961005],[0.760916,49.875067],[0.674815,49.8758],[0.59669,49.857245],[0.557384,49.839789],[0.522797,49.832953],[0.397634,49.784369],[0.387462,49.775051],[0.256847,49.735907],[0.246755,49.729438],[0.23585,49.729315],[0.185883,49.703192],[0.170909,49.691636],[0.13087,49.603502],[0.079682,49.542182],[0.076589,49.53498],[0.075369,49.524075],[0.078624,49.51553],[0.092784,49.509263],[0.095958,49.503241],[0.104421,49.493598],[0.12436,49.485785],[0.147309,49.480943],[0.164806,49.479967],[0.185313,49.479967],[0.256847,49.464057],[0.33961,49.456732],[0.42213,49.464423],[0.493175,49.493598],[0.476573,49.478664],[0.457286,49.467434],[0.411306,49.452053],[0.286876,49.433621],[0.162364,49.415188],[0.095958,49.383734],[0.071951,49.35928],[0.06308,49.354478],[0.040294,49.350409],[0.012869,49.334621],[-0.000294,49.330517],[-0.033844,49.320054],[-0.194081,49.295233],[-0.219472,49.280097],[-0.3131,49.317328],[-0.363433,49.325019],[-0.393625,49.338039],[-0.411122,49.34276],[-0.479482,49.34276],[-0.522532,49.355292],[-0.546946,49.358954],[-0.583363,49.345893],[-0.607981,49.347398],[-0.650787,49.355862],[-0.822133,49.362698],[-0.940419,49.392279],[-1.072255,49.396796],[-1.089589,49.391547],[-1.106353,49.379462],[-1.113759,49.36579],[-1.103424,49.355862],[-1.103424,49.349026],[-1.122874,49.345445],[-1.133453,49.349514],[-1.141021,49.356676],[-1.151723,49.362698],[-1.163075,49.361518],[-1.173818,49.357001],[-1.181996,49.356187],[-1.18517,49.3664],[-1.183258,49.369452],[-1.1787,49.374579],[-1.174224,49.382392],[-1.172231,49.393378],[-1.175689,49.415229],[-1.185292,49.430365],[-1.261586,49.49315],[-1.276519,49.520738],[-1.293609,49.538398],[-1.306264,49.558092],[-1.301422,49.581773],[-1.294993,49.586819],[-1.286204,49.588935],[-1.264027,49.58926],[-1.259999,49.593451],[-1.257558,49.602851],[-1.253326,49.61225],[-1.227773,49.624091],[-1.232249,49.641425],[-1.25414,49.67178],[-1.259104,49.6883],[-1.263051,49.695502],[-1.271148,49.698432],[-1.391265,49.712714],[-1.409495,49.711575],[-1.455719,49.702216],[-1.470123,49.695054],[-1.49592,49.672187],[-1.511464,49.662543],[-1.528432,49.657457],[-1.540395,49.657782],[-1.561187,49.663031],[-1.572865,49.664293],[-1.58373,49.662055],[-1.59732,49.652289],[-1.606679,49.650051],[-1.613922,49.652248],[-1.616363,49.65705],[-1.616689,49.662014],[-1.617177,49.664293],[-1.633046,49.66352],[-1.707753,49.680162],[-1.773997,49.686713],[-1.79601,49.691636],[-1.800893,49.692084],[-1.811838,49.690741],[-1.816477,49.691636],[-1.820953,49.696357],[-1.824615,49.708441],[-1.829457,49.712714],[-1.839426,49.715399],[-1.867299,49.712714],[-1.87914,49.71483],[-1.898997,49.72427],[-1.908355,49.726386],[-1.935211,49.724107],[-1.939565,49.716457],[-1.937652,49.701565],[-1.945627,49.677965],[-1.901601,49.665839],[-1.869496,49.661689],[-1.860585,49.654771],[-1.855051,49.645087],[-1.846913,49.633938],[-1.839508,49.619778],[-1.839223,49.603176],[-1.843739,49.571845],[-1.850168,49.561713],[-1.878407,49.544867],[-1.884674,49.530911],[-1.879465,49.52497],[-1.853586,49.504299],[-1.843739,49.493598],[-1.84024,49.485826],[-1.839508,49.480658],[-1.838206,49.475816],[-1.823598,49.458482],[-1.819407,49.452053],[-1.816477,49.445217],[-1.815785,49.430854],[-1.819569,49.396796],[-1.816477,49.383734],[-1.806793,49.376858],[-1.795074,49.377631],[-1.78189,49.381537],[-1.767974,49.383734],[-1.771108,49.37995],[-1.772857,49.377021],[-1.775502,49.370103],[-1.755727,49.362454],[-1.733266,49.346259],[-1.714752,49.338528],[-1.706654,49.355862],[-1.699127,49.355862],[-1.686187,49.335354],[-1.686187,49.329169],[-1.706654,49.329169],[-1.699086,49.313544],[-1.68692,49.302436],[-1.658193,49.287543],[-1.662587,49.286038],[-1.665395,49.284613],[-1.671864,49.280097],[-1.657094,49.268378],[-1.640533,49.231513],[-1.624664,49.219306],[-1.616851,49.238227],[-1.595286,49.23786],[-1.569569,49.229682],[-1.548411,49.225491],[-1.548411,49.219306],[-1.584462,49.226264],[-1.602651,49.225409],[-1.610422,49.215888],[-1.608795,49.197821],[-1.604482,49.178209],[-1.597768,49.159369],[-1.589345,49.143541],[-1.584218,49.148424],[-1.581776,49.149848],[-1.569488,49.143541],[-1.589019,49.134589],[-1.595937,49.128485],[-1.602935,49.115627],[-1.607737,49.102729],[-1.608754,49.091498],[-1.603424,49.08397],[-1.589345,49.082099],[-1.593739,49.071967],[-1.595937,49.061265],[-1.59675,49.037421],[-1.593577,49.028998],[-1.586537,49.018988],[-1.579457,49.01317],[-1.576324,49.017279],[-1.56843,49.03266],[-1.549713,49.039781],[-1.527252,49.039781],[-1.507965,49.033677],[-1.507965,49.027533],[-1.532338,49.035142],[-1.545766,49.030341],[-1.552235,49.015448],[-1.563059,48.957587],[-1.55899,48.951809],[-1.547027,48.949693],[-1.541982,48.944078],[-1.542795,48.935248],[-1.548411,48.923814],[-1.557037,48.932318],[-1.56371,48.922105],[-1.571848,48.874213],[-1.578521,48.862616],[-1.589101,48.853583],[-1.602935,48.849351],[-1.602935,48.841946],[-1.578847,48.837836],[-1.566762,48.82217],[-1.562571,48.798489],[-1.562082,48.770819],[-1.553619,48.747138],[-1.516469,48.725165],[-1.507965,48.701606],[-1.502675,48.695502],[-1.490224,48.690131],[-1.4558,48.683417],[-1.45051,48.679511],[-1.447092,48.673896],[-1.445953,48.667467],[-1.443267,48.662828],[-1.437734,48.664455],[-1.433013,48.66828],[-1.432851,48.6706],[-1.394602,48.66828],[-1.372304,48.66059],[-1.356557,48.643256],[-1.393137,48.652411],[-1.500559,48.636461],[-1.579701,48.643256],[-1.58967,48.641791],[-1.595693,48.640937],[-1.643951,48.62344],[-1.722808,48.615302],[-1.79601,48.615912],[-1.838206,48.623765],[-1.860951,48.640855],[-1.861195,48.664211],[-1.836334,48.691107],[-1.843577,48.698147],[-1.846913,48.703437],[-1.846669,48.707831],[-1.843739,48.712144],[-1.945627,48.698554],[-1.939361,48.691107],[-1.976959,48.691107],[-1.985911,48.687893],[-1.987701,48.680854],[-1.987701,48.673774],[-1.991119,48.6706],[-2.006581,48.667629],[-2.018137,48.660346],[-2.025543,48.651313],[-2.028717,48.643256],[-2.019032,48.631049],[-2.000478,48.601304],[-1.991119,48.595445],[-1.979807,48.59512],[-1.96939,48.59276],[-1.960357,48.586615],[-1.952952,48.575019],[-1.965159,48.581204],[-1.96939,48.584174],[-1.9735,48.58869],[-1.980295,48.58869],[-1.976633,48.572699],[-1.961903,48.554918],[-1.967275,48.547065],[-1.939361,48.534003],[-1.970448,48.520697],[-1.980295,48.513577],[-1.976389,48.535631],[-1.982493,48.548977],[-2.00829,48.575019],[-2.005116,48.578843],[-2.000885,48.58869],[-2.013254,48.59162],[-2.022043,48.598944],[-2.027089,48.608954],[-2.028717,48.619696],[-2.049794,48.645575],[-2.052358,48.650092],[-2.100209,48.646918],[-2.144846,48.636461],[-2.136627,48.622138],[-2.131256,48.615302],[-2.124338,48.609117],[-2.137034,48.617987],[-2.149322,48.618883],[-2.161041,48.613023],[-2.172109,48.601711],[-2.163197,48.596503],[-2.159088,48.595445],[-2.159088,48.58869],[-2.174062,48.582953],[-2.182973,48.588772],[-2.188385,48.601304],[-2.192616,48.615912],[-2.192128,48.603746],[-2.195546,48.593451],[-2.202789,48.585883],[-2.213694,48.581855],[-2.215688,48.592434],[-2.219228,48.603664],[-2.225942,48.612372],[-2.237294,48.615912],[-2.240712,48.621324],[-2.246205,48.644721],[-2.250966,48.650092],[-2.27359,48.642646],[-2.294016,48.628607],[-2.312652,48.620185],[-2.330312,48.629625],[-2.302398,48.650092],[-2.297475,48.655707],[-2.293772,48.661363],[-2.289418,48.666571],[-2.281972,48.6706],[-2.281972,48.678046],[-2.295237,48.676581],[-2.305328,48.679633],[-2.312489,48.686957],[-2.31607,48.698554],[-2.329986,48.680365],[-2.356068,48.663275],[-2.38622,48.650092],[-2.412262,48.643256],[-2.421051,48.656968],[-2.44286,48.659084],[-2.487457,48.650092],[-2.468007,48.643948],[-2.459543,48.643256],[-2.459543,48.636461],[-2.473622,48.625963],[-2.541086,48.59809],[-2.558827,48.594143],[-2.569407,48.58869],[-2.577056,48.582465],[-2.600697,48.557603],[-2.620025,48.543606],[-2.636342,48.538804],[-2.676137,48.540229],[-2.680247,48.532782],[-2.679677,48.518378],[-2.682362,48.509019],[-2.696278,48.516669],[-2.704701,48.524156],[-2.713124,48.530097],[-2.722727,48.533637],[-2.734486,48.534003],[-2.726674,48.538967],[-2.721018,48.544623],[-2.716949,48.551703],[-2.714019,48.560736],[-2.771067,48.579169],[-2.795033,48.591254],[-2.808013,48.595608],[-2.812978,48.598578],[-2.816396,48.604926],[-2.814361,48.609931],[-2.811431,48.614569],[-2.812978,48.619696],[-2.817047,48.627672],[-2.826975,48.657538],[-2.892079,48.69477],[-2.898671,48.704779],[-2.913971,48.716498],[-2.932037,48.726955],[-2.946685,48.733222],[-2.946685,48.739488],[-2.942738,48.740912],[-2.933095,48.746324],[-2.934397,48.753079],[-2.934438,48.759101],[-2.933095,48.767401],[-2.952952,48.772284],[-3.003651,48.773871],[-3.029286,48.780463],[-3.042388,48.787909],[-3.042388,48.794135],[-3.025502,48.802924],[-3.017812,48.805854],[-3.008168,48.807807],[-3.008372,48.812486],[-3.009389,48.813707],[-3.01179,48.813666],[-3.015696,48.814602],[-3.008168,48.821438],[-3.018219,48.826972],[-3.028717,48.828803],[-3.039296,48.826972],[-3.049184,48.821438],[-3.0655,48.823961],[-3.085032,48.804999],[-3.118031,48.759955],[-3.125478,48.759955],[-3.125478,48.767401],[-3.104075,48.7862],[-3.097524,48.794135],[-3.084625,48.820136],[-3.077056,48.828274],[-3.090728,48.835679],[-3.090728,48.841946],[-3.08373,48.851711],[-3.08434,48.862209],[-3.091461,48.871283],[-3.103749,48.876654],[-3.116444,48.874091],[-3.134999,48.859198],[-3.145375,48.862372],[-3.154205,48.854926],[-3.178822,48.84101],[-3.20873,48.816352],[-3.216868,48.806789],[-3.22053,48.794135],[-3.225575,48.800482],[-3.226796,48.80329],[-3.227895,48.807807],[-3.214955,48.817857],[-3.207753,48.835924],[-3.207143,48.855414],[-3.213612,48.869818],[-3.229726,48.87226],[-3.259511,48.847724],[-3.268951,48.849351],[-3.275787,48.849351],[-3.287465,48.843451],[-3.371816,48.822496],[-3.378651,48.819322],[-3.388743,48.811184],[-3.397613,48.807318],[-3.409901,48.806545],[-3.433339,48.807807],[-3.429921,48.812445],[-3.42809,48.815741],[-3.425404,48.818427],[-3.419749,48.821438],[-3.433583,48.822211],[-3.468129,48.835679],[-3.499827,48.836982],[-3.509185,48.841946],[-3.515289,48.841946],[-3.520863,48.833645],[-3.542592,48.807807],[-3.571401,48.799058],[-3.581532,48.790595],[-3.577382,48.774237],[-3.542836,48.745673],[-3.52831,48.739488],[-3.580474,48.733222],[-3.584543,48.726386],[-3.580474,48.711086],[-3.570546,48.687974],[-3.584788,48.682807],[-3.614003,48.682685],[-3.638539,48.687812],[-3.638173,48.704739],[-3.673818,48.698228],[-3.686635,48.698554],[-3.697865,48.702338],[-3.720855,48.71601],[-3.731923,48.71898],[-3.778432,48.717353],[-3.797109,48.721177],[-3.810129,48.733222],[-3.809804,48.726955],[-3.810455,48.721503],[-3.812652,48.716742],[-3.816965,48.712144],[-3.829254,48.718451],[-3.837148,48.707261],[-3.840077,48.688056],[-3.837473,48.6706],[-3.845448,48.676011],[-3.8485,48.679023],[-3.851715,48.684882],[-3.8579,48.684882],[-3.852447,48.664537],[-3.848948,48.656317],[-3.844309,48.650092],[-3.851715,48.643256],[-3.844309,48.636461],[-3.851715,48.629625],[-3.864654,48.641018],[-3.894195,48.653551],[-3.906321,48.664374],[-3.906321,48.6706],[-3.901967,48.672024],[-3.891998,48.678046],[-3.911936,48.68122],[-3.926584,48.676174],[-3.954742,48.657538],[-3.949534,48.669338],[-3.951039,48.679389],[-3.957753,48.686835],[-3.967763,48.691107],[-3.967763,48.698554],[-3.961008,48.698554],[-3.961008,48.704739],[-3.972727,48.707709],[-3.973866,48.712795],[-3.970286,48.720038],[-3.967763,48.72956],[-3.973988,48.732815],[-4.009348,48.725816],[-4.030507,48.717027],[-4.042714,48.713935],[-4.056549,48.712144],[-4.052642,48.70307],[-4.053293,48.695543],[-4.057362,48.689602],[-4.064036,48.684882],[-4.070221,48.684882],[-4.07433,48.692288],[-4.079254,48.696926],[-4.084788,48.69717],[-4.090688,48.691107],[-4.108713,48.698147],[-4.131459,48.699164],[-4.154652,48.696234],[-4.173899,48.691107],[-4.190582,48.683051],[-4.207753,48.671373],[-4.213002,48.6612],[-4.193756,48.657538],[-4.193756,48.650092],[-4.207143,48.64997],[-4.229807,48.655951],[-4.242055,48.657538],[-4.252594,48.655463],[-4.283111,48.643256],[-4.306508,48.641547],[-4.299143,48.663642],[-4.317291,48.678046],[-4.343251,48.67886],[-4.370229,48.67182],[-4.398061,48.660956],[-4.426503,48.657538],[-4.426503,48.650092],[-4.4204,48.648871],[-4.406606,48.643256],[-4.429799,48.642808],[-4.46288,48.63231],[-4.485463,48.629625],[-4.563629,48.629625],[-4.563629,48.62344],[-4.554799,48.619696],[-4.552602,48.616523],[-4.554433,48.613227],[-4.557485,48.609117],[-4.530141,48.601711],[-4.548818,48.601223],[-4.594635,48.609117],[-4.607737,48.603013],[-4.600494,48.589342],[-4.57726,48.568183],[-4.589833,48.565741],[-4.623036,48.578192],[-4.642486,48.581855],[-4.673451,48.579576],[-4.692291,48.575507],[-4.708241,48.568183],[-4.700795,48.560736],[-4.711578,48.563666],[-4.721995,48.568183],[-4.739898,48.550727],[-4.764556,48.520209],[-4.774648,48.491278],[-4.749257,48.478827],[-4.749257,48.472602],[-4.768056,48.468655],[-4.779856,48.454901],[-4.784901,48.436184],[-4.783355,48.417385],[-4.766347,48.390448],[-4.76476,48.377631],[-4.783355,48.37641],[-4.77717,48.355618],[-4.768381,48.345404],[-4.754994,48.341986],[-4.704498,48.34162],[-4.695668,48.344957],[-4.694081,48.3522],[-4.694081,48.359442],[-4.690541,48.362738],[-4.671132,48.360582],[-4.636342,48.351142],[-4.618886,48.348456],[-4.599355,48.350165],[-4.569569,48.360297],[-4.520619,48.368313],[-4.457509,48.394843],[-4.426503,48.403713],[-4.358957,48.411119],[-4.339019,48.416083],[-4.307729,48.428046],[-4.289906,48.431586],[-4.385569,48.393744],[-4.396596,48.387763],[-4.453725,48.34162],[-4.453725,48.335395],[-4.439931,48.336371],[-4.426503,48.338853],[-4.415028,48.342922],[-4.406606,48.348456],[-4.399159,48.34162],[-4.402821,48.339586],[-4.403798,48.339179],[-4.406606,48.335395],[-4.384185,48.338121],[-4.35261,48.352729],[-4.337717,48.348456],[-4.334055,48.352729],[-4.327789,48.357856],[-4.324696,48.362738],[-4.317291,48.362738],[-4.317291,48.355292],[-4.324696,48.355292],[-4.324696,48.348456],[-4.30899,48.351549],[-4.286285,48.362535],[-4.269399,48.362738],[-4.288686,48.348538],[-4.298492,48.343817],[-4.303131,48.339586],[-4.303619,48.335395],[-4.312082,48.333075],[-4.316314,48.330797],[-4.324696,48.321723],[-4.281972,48.323676],[-4.275706,48.324856],[-4.270172,48.314683],[-4.257721,48.311347],[-4.243967,48.31391],[-4.234731,48.321723],[-4.23054,48.309882],[-4.218821,48.306057],[-4.187489,48.307522],[-4.187489,48.300035],[-4.269358,48.288398],[-4.289906,48.29385],[-4.275217,48.294013],[-4.268951,48.295844],[-4.262603,48.300035],[-4.329701,48.297024],[-4.376861,48.287787],[-4.388987,48.287055],[-4.401967,48.28856],[-4.409657,48.292304],[-4.416371,48.296617],[-4.426503,48.300035],[-4.515533,48.295844],[-4.543202,48.304674],[-4.530141,48.34162],[-4.546702,48.346829],[-4.559478,48.33869],[-4.57726,48.307522],[-4.57551,48.30386],[-4.572906,48.29682],[-4.575185,48.290025],[-4.58788,48.287055],[-4.598785,48.288398],[-4.607086,48.290595],[-4.615387,48.291083],[-4.626332,48.287055],[-4.623687,48.277045],[-4.626332,48.266547],[-4.566274,48.264879],[-4.554067,48.262763],[-4.54719,48.25259],[-4.550933,48.248603],[-4.558665,48.244208],[-4.563629,48.232367],[-4.561187,48.225043],[-4.555043,48.216539],[-4.543772,48.205064],[-4.548736,48.198432],[-4.557485,48.177191],[-4.531646,48.183092],[-4.513987,48.202094],[-4.499989,48.224921],[-4.485463,48.242621],[-4.457631,48.248969],[-4.404368,48.226142],[-4.379262,48.232367],[-4.376861,48.225979],[-4.372426,48.220038],[-4.366119,48.215155],[-4.358225,48.211859],[-4.315826,48.205512],[-4.302358,48.196357],[-4.297353,48.174058],[-4.294342,48.16706],[-4.280181,48.154934],[-4.275706,48.143622],[-4.28539,48.115383],[-4.289906,48.108222],[-4.304758,48.104071],[-4.361928,48.115709],[-4.683705,48.067328],[-4.689524,48.068834],[-4.697418,48.074897],[-4.700795,48.074774],[-4.704254,48.071234],[-4.705556,48.06745],[-4.706207,48.06391],[-4.71227,48.056586],[-4.716461,48.050238],[-4.721506,48.044135],[-4.728139,48.040595],[-4.652984,48.026313],[-4.619211,48.027655],[-4.601959,48.02558],[-4.572011,48.005927],[-4.55899,48.010688],[-4.546702,48.020738],[-4.533274,48.026313],[-4.523264,48.022691],[-4.434641,47.975653],[-4.386952,47.934068],[-4.371978,47.915839],[-4.362213,47.888577],[-4.34732,47.862942],[-4.343861,47.84512],[-4.347646,47.838324],[-4.356068,47.837063],[-4.365468,47.837104],[-4.371816,47.834459],[-4.373443,47.828681],[-4.371246,47.814765],[-4.371816,47.807196],[-4.225168,47.802436],[-4.200551,47.807196],[-4.185211,47.813381],[-4.15274,47.834459],[-4.15274,47.841986],[-4.180043,47.841986],[-4.180043,47.848212],[-4.176666,47.851264],[-4.173899,47.855048],[-4.188466,47.862128],[-4.185618,47.874416],[-4.17162,47.877021],[-4.15274,47.855048],[-4.142649,47.861762],[-4.133616,47.866197],[-4.123769,47.868598],[-4.111195,47.869289],[-4.111195,47.875474],[-4.123362,47.883246],[-4.13683,47.896918],[-4.14273,47.912014],[-4.132192,47.923896],[-4.12914,47.90762],[-4.119293,47.891913],[-4.106557,47.880113],[-4.09439,47.875474],[-4.078236,47.874416],[-4.064931,47.870795],[-4.036692,47.855048],[-4.031565,47.863715],[-4.024037,47.865953],[-4.014068,47.866278],[-4.001943,47.869289],[-4.005442,47.8605],[-4.01122,47.855943],[-4.019154,47.854478],[-4.029205,47.855048],[-4.008901,47.851264],[-3.98648,47.867906],[-3.979237,47.883002],[-3.988271,47.903469],[-3.961822,47.89997],[-3.935129,47.887885],[-3.916331,47.873358],[-3.913197,47.862454],[-3.900787,47.857123],[-3.894521,47.855292],[-3.885854,47.855048],[-3.889963,47.843451],[-3.886464,47.83747],[-3.879221,47.833564],[-3.872222,47.828315],[-3.853098,47.804348],[-3.851715,47.801011],[-3.833567,47.79975],[-3.811187,47.802924],[-3.789906,47.803209],[-3.77538,47.793606],[-3.723215,47.813381],[-3.714589,47.810614],[-3.706166,47.796942],[-3.68692,47.792304],[-3.649037,47.793606],[-3.644399,47.791734],[-3.633046,47.783026],[-3.625152,47.779934],[-3.616851,47.77912],[-3.590972,47.779934],[-3.555653,47.773993],[-3.539296,47.773749],[-3.52831,47.779934],[-3.524485,47.772447],[-3.520253,47.768134],[-3.509185,47.759426],[-3.494862,47.738959],[-3.464996,47.713039],[-3.460683,47.707587],[-3.446441,47.704576],[-3.364491,47.718451],[-3.364491,47.724677],[-3.369252,47.729804],[-3.375478,47.734036],[-3.383168,47.737047],[-3.362172,47.740424],[-3.331776,47.752509],[-3.304351,47.770087],[-3.282623,47.78734],[-3.282623,47.779934],[-3.2954,47.773017],[-3.304433,47.761135],[-3.317291,47.738959],[-3.323557,47.737738],[-3.340566,47.739488],[-3.343984,47.735541],[-3.343984,47.726264],[-3.345123,47.721259],[-3.349355,47.719062],[-3.358266,47.718451],[-3.358266,47.711005],[-3.316274,47.708075],[-3.298451,47.703843],[-3.282623,47.697333],[-3.282623,47.691148],[-3.322418,47.700995],[-3.340199,47.702297],[-3.358266,47.697333],[-3.331532,47.696723],[-3.287587,47.688666],[-3.262074,47.683743],[-3.231597,47.660346],[-3.224192,47.656399],[-3.215077,47.66059],[-3.211903,47.669827],[-3.207143,47.679145],[-3.193186,47.683743],[-3.203521,47.694322],[-3.207387,47.697333],[-3.193227,47.699937],[-3.185374,47.706366],[-3.178375,47.710028],[-3.166493,47.704169],[-3.165028,47.707913],[-3.165028,47.70954],[-3.164052,47.710273],[-3.159088,47.711005],[-3.163319,47.724758],[-3.169667,47.735419],[-3.179189,47.742743],[-3.193186,47.746405],[-3.177358,47.748521],[-3.16393,47.743883],[-3.153188,47.742011],[-3.145375,47.75259],[-3.13915,47.75259],[-3.13976,47.745795],[-3.13915,47.724677],[-3.134511,47.726793],[-3.122792,47.729926],[-3.118031,47.732123],[-3.118031,47.722154],[-3.117177,47.715033],[-3.115061,47.709418],[-3.111195,47.704169],[-3.18635,47.680609],[-3.198394,47.652574],[-3.200592,47.639594],[-3.196685,47.63349],[-3.187245,47.629584],[-3.176015,47.62637],[-3.166493,47.62226],[-3.15217,47.611233],[-3.141184,47.598049],[-3.134185,47.580756],[-3.131703,47.55744],[-3.13386,47.543931],[-3.143219,47.527045],[-3.145375,47.516099],[-3.143788,47.507025],[-3.131703,47.478217],[-3.125478,47.478217],[-3.11913,47.482611],[-3.098134,47.478705],[-3.084543,47.478217],[-3.10676,47.495795],[-3.12328,47.518988],[-3.128896,47.547593],[-3.118031,47.581244],[-3.122955,47.583238],[-3.127187,47.586615],[-3.131703,47.58808],[-3.12328,47.598782],[-3.11205,47.599189],[-3.100453,47.594184],[-3.090728,47.58808],[-3.09732,47.584052],[-3.103749,47.581244],[-3.089752,47.575507],[-3.073842,47.576483],[-3.042388,47.58808],[-3.035797,47.583319],[-3.029937,47.581936],[-3.015696,47.581244],[-3.021718,47.59455],[-3.018219,47.605658],[-3.01179,47.607164],[-3.008168,47.591783],[-3.003407,47.578681],[-2.994211,47.576077],[-2.988596,47.582261],[-2.994496,47.595526],[-2.980946,47.587348],[-2.970286,47.576972],[-2.961293,47.570543],[-2.952952,47.574449],[-2.942616,47.564399],[-2.939931,47.560777],[-2.937245,47.564683],[-2.935618,47.567572],[-2.933095,47.574449],[-2.943512,47.581488],[-2.954701,47.591539],[-2.963612,47.602607],[-2.967193,47.612616],[-2.967193,47.636542],[-2.968577,47.6435],[-2.973297,47.655992],[-2.97468,47.663804],[-2.967193,47.663804],[-2.964589,47.651435],[-2.957997,47.642157],[-2.947499,47.636908],[-2.933095,47.636542],[-2.94164,47.631822],[-2.944814,47.624091],[-2.943756,47.613959],[-2.939931,47.601752],[-2.933095,47.601752],[-2.928822,47.606024],[-2.925689,47.607652],[-2.912668,47.609198],[-2.912668,47.601752],[-2.919423,47.601752],[-2.919423,47.595526],[-2.886383,47.60102],[-2.86677,47.607164],[-2.857981,47.619127],[-2.847727,47.626166],[-2.796051,47.629869],[-2.77538,47.636542],[-2.789133,47.642727],[-2.758209,47.639065],[-2.746327,47.633857],[-2.734486,47.62226],[-2.754465,47.627021],[-2.77538,47.629096],[-2.725331,47.607367],[-2.720204,47.601752],[-2.708608,47.602281],[-2.704254,47.604438],[-2.699778,47.609198],[-2.714019,47.616034],[-2.701568,47.618354],[-2.695627,47.623358],[-2.696929,47.629788],[-2.706532,47.636542],[-2.706532,47.642727],[-2.68399,47.622992],[-2.688629,47.604397],[-2.727651,47.567613],[-2.720204,47.560777],[-2.741444,47.551337],[-2.768666,47.549547],[-2.794016,47.555121],[-2.80956,47.567613],[-2.815297,47.552965],[-2.816396,47.546536],[-2.825429,47.552476],[-2.832428,47.554023],[-2.838124,47.551825],[-2.843658,47.546536],[-2.850575,47.546536],[-2.865305,47.566636],[-2.892568,47.566596],[-2.90925,47.558417],[-2.892079,47.553941],[-2.89151,47.549058],[-2.892934,47.547675],[-2.889882,47.546617],[-2.878529,47.545315],[-2.868967,47.542182],[-2.864817,47.536851],[-2.861073,47.535834],[-2.845693,47.516181],[-2.843658,47.512397],[-2.83019,47.503607],[-2.817128,47.499213],[-2.802154,47.498114],[-2.782786,47.499416],[-2.730702,47.511623],[-2.714019,47.512397],[-2.680735,47.504218],[-2.667104,47.509589],[-2.665517,47.533515],[-2.654775,47.528306],[-2.643056,47.526435],[-2.617787,47.526679],[-2.619944,47.533393],[-2.623931,47.537177],[-2.630116,47.53913],[-2.638254,47.540269],[-2.621205,47.543036],[-2.606435,47.54206],[-2.592275,47.543647],[-2.576812,47.553941],[-2.584462,47.540473],[-2.599355,47.52912],[-2.616933,47.521715],[-2.631988,47.519843],[-2.621693,47.513414],[-2.61559,47.514146],[-2.609853,47.517727],[-2.600697,47.519843],[-2.563222,47.519843],[-2.530507,47.527248],[-2.517486,47.528388],[-2.501698,47.526679],[-2.425364,47.506171],[-2.407053,47.506049],[-2.380116,47.509223],[-2.363922,47.506171],[-2.384674,47.507148],[-2.421213,47.50023],[-2.483632,47.497952],[-2.49474,47.491197],[-2.480621,47.478217],[-2.488922,47.459174],[-2.476186,47.453762],[-2.455312,47.452216],[-2.439036,47.44477],[-2.44815,47.430609],[-2.431752,47.426174],[-2.407135,47.425727],[-2.391835,47.423651],[-2.395009,47.416978],[-2.429433,47.403876],[-2.439036,47.396308],[-2.446401,47.402533],[-2.442209,47.404364],[-2.441029,47.404446],[-2.439036,47.40998],[-2.4558,47.412177],[-2.466135,47.415229],[-2.476796,47.415676],[-2.556386,47.383246],[-2.514801,47.364936],[-2.503326,47.349595],[-2.501698,47.320624],[-2.494252,47.320624],[-2.488922,47.33039],[-2.489369,47.334418],[-2.494252,47.341742],[-2.491282,47.343899],[-2.487945,47.345404],[-2.480621,47.347886],[-2.465443,47.333808],[-2.445383,47.32038],[-2.436187,47.307034],[-2.453359,47.29328],[-2.476064,47.290676],[-2.519032,47.304633],[-2.541982,47.306952],[-2.541982,47.300116],[-2.448394,47.266588],[-2.419179,47.266018],[-2.418121,47.268866],[-2.416575,47.27497],[-2.412831,47.281724],[-2.404897,47.286444],[-2.39745,47.287584],[-2.388092,47.287909],[-2.371409,47.286444],[-2.355336,47.280097],[-2.330963,47.26081],[-2.31607,47.251654],[-2.298085,47.246649],[-2.278391,47.246405],[-2.259429,47.251614],[-2.236073,47.267483],[-2.206288,47.273424],[-2.195953,47.279934],[-2.190582,47.2862],[-2.186594,47.292711],[-2.179555,47.300116],[-2.148101,47.313218],[-2.010121,47.319729],[-1.972157,47.312161],[-1.95816,47.302395],[-1.94929,47.300116],[-1.925689,47.298489],[-1.905629,47.293931],[-1.871165,47.27969],[-1.835927,47.259752],[-1.805653,47.235256],[-1.788238,47.225572],[-1.747222,47.219916],[-1.72704,47.210761],[-1.780995,47.211982],[-1.803944,47.21898],[-1.82608,47.235256],[-1.836252,47.239936],[-1.877838,47.24551],[-1.918853,47.266018],[-1.918853,47.273424],[-1.898427,47.273424],[-1.907338,47.279934],[-1.917063,47.284166],[-1.927805,47.286322],[-1.939361,47.286444],[-1.932485,47.27969],[-1.947865,47.279364],[-1.999135,47.28856],[-2.006581,47.29328],[-2.014556,47.300116],[-2.021962,47.299262],[-2.028717,47.296942],[-2.035634,47.29328],[-2.127675,47.286811],[-2.151682,47.27969],[-2.160553,47.271186],[-2.166982,47.259223],[-2.170888,47.246324],[-2.172109,47.235256],[-2.169301,47.22016],[-2.158681,47.204495],[-2.159088,47.190863],[-2.162099,47.176011],[-2.165191,47.167873],[-2.172841,47.164374],[-2.205393,47.1612],[-2.21703,47.155504],[-2.227854,47.148627],[-2.241119,47.142483],[-2.205474,47.129096],[-2.090159,47.11518],[-2.030019,47.092108],[-2.014556,47.08161],[-2.003774,47.070014],[-1.992584,47.052314],[-1.990712,47.035386],[-2.00829,47.026353],[-2.020172,47.008612],[-2.037017,46.972561],[-2.049224,46.957465],[-2.087473,46.94123],[-2.102162,46.93065],[-2.096344,46.91649],[-2.121978,46.903713],[-2.128774,46.893459],[-2.131256,46.871812],[-2.130035,46.854682],[-2.126088,46.835598],[-2.118764,46.819973],[-2.107167,46.813463],[-2.081288,46.807359],[-2.050282,46.79206],[-1.994618,46.752021],[-1.964996,46.710395],[-1.956451,46.704291],[-1.940012,46.70307],[-1.923166,46.699164],[-1.909901,46.691799],[-1.89977,46.666246],[-1.887807,46.656562],[-1.872426,46.647406],[-1.857411,46.635321],[-1.851226,46.623725],[-1.846588,46.610256],[-1.838694,46.599066],[-1.822662,46.594387],[-1.827056,46.576972],[-1.804799,46.503607],[-1.7954,46.494534],[-1.786,46.490953],[-1.781728,46.495429],[-1.78307,46.504136],[-1.788889,46.520453],[-1.789174,46.532945],[-1.779652,46.522121],[-1.768422,46.50023],[-1.761138,46.492011],[-1.748606,46.486558],[-1.720286,46.481269],[-1.686757,46.460883],[-1.633453,46.454291],[-1.617177,46.443549],[-1.62564,46.431138],[-1.598785,46.425035],[-1.53189,46.423082],[-1.504465,46.419338],[-1.481435,46.408189],[-1.465484,46.38996],[-1.459584,46.364732],[-1.44872,46.343411],[-1.423329,46.342475],[-1.370229,46.354193],[-1.356842,46.350328],[-1.334218,46.336737],[-1.303456,46.323879],[-1.293365,46.322659],[-1.277415,46.319525],[-1.259185,46.300442],[-1.240102,46.284247],[-1.213206,46.27912],[-1.214345,46.310696],[-1.177235,46.326158],[-1.132476,46.324123],[-1.110748,46.30268],[-1.108022,46.28852],[-1.103505,46.280015],[-1.102651,46.271959],[-1.102651,46.271959],[-1.088526,45.985521],[9.403184,45.985521],[9.307662,53.904584],[8.236085,53.904584],[4.711681,52.863105]]],[[[-1.412913,55.000312],[-1.401519,54.995429],[-1.398183,54.992621],[-1.370229,54.975531],[-1.36266,54.964789],[-1.361724,54.958686],[-1.363515,54.95425],[-1.364003,54.948188],[-1.362864,54.92593],[-1.360341,54.91706],[-1.353139,54.91352],[-1.355824,54.904283],[-1.296783,54.779934],[-1.275461,54.74844],[-1.240468,54.721666],[-1.225087,54.715033],[-1.172231,54.701239],[-1.172231,54.693793],[-1.192616,54.693793],[-1.192454,54.689276],[-1.190785,54.686184],[-1.18517,54.68008],[-1.182729,54.672065],[-1.178822,54.66474],[-1.172922,54.658352],[-1.164703,54.652777],[-1.172922,54.644192],[-1.182485,54.639228],[-1.206288,54.632961],[-1.203725,54.625718],[-1.198842,54.621568],[-1.191803,54.619778],[-1.182118,54.619289],[-1.179351,54.620917],[-1.178456,54.624213],[-1.176991,54.626776],[-1.172231,54.626125],[-1.169586,54.623603],[-1.165435,54.61872],[-1.162953,54.613959],[-1.164703,54.611802],[-1.152659,54.613186],[-1.146718,54.618476],[-1.138051,54.646552],[-1.120595,54.633002],[-1.103627,54.624661],[-1.084218,54.620429],[-1.042063,54.617092],[-0.993479,54.598131],[-0.787913,54.560777],[-0.562978,54.477362],[-0.534657,54.461005],[-0.522857,54.447089],[-0.521799,54.438056],[-0.52359,54.430243],[-0.520416,54.420071],[-0.509999,54.411566],[-0.476796,54.397203],[-0.462758,54.388983],[-0.447743,54.373196],[-0.430572,54.349311],[-0.418446,54.324042],[-0.41804,54.303941],[-0.41454,54.297309],[-0.409006,54.290758],[-0.401194,54.285631],[-0.390736,54.283515],[-0.394887,54.273139],[-0.397572,54.269192],[-0.389272,54.264065],[-0.370473,54.247707],[-0.362782,54.242499],[-0.322011,54.23607],[-0.31192,54.231635],[-0.30012,54.224677],[-0.277089,54.21776],[-0.269602,54.207668],[-0.262563,54.181098],[-0.260365,54.176988],[-0.233876,54.160468],[-0.11144,54.131578],[-0.07551,54.112128],[-0.16393,54.083401],[-0.194692,54.062323],[-0.219472,54.022773],[-0.197418,53.994818],[-0.168691,53.929348],[-0.151112,53.899319],[-0.045155,53.801215],[0.133474,53.642646],[0.149262,53.609605],[0.136892,53.577135],[0.131196,53.573432],[0.10963,53.562893],[0.131358,53.593695],[0.135997,53.610663],[0.120209,53.618109],[0.099457,53.622301],[0.056163,53.641262],[0.034516,53.646064],[0.014822,53.643256],[-0.023915,53.628852],[-0.045033,53.625556],[-0.069407,53.626939],[-0.092275,53.631049],[-0.11262,53.637519],[-0.130035,53.646064],[-0.225331,53.719916],[-0.260365,53.735419],[-0.295644,53.738796],[-0.305165,53.739691],[-0.431142,53.714301],[-0.449696,53.714301],[-0.510487,53.714301],[-0.544423,53.709459],[-0.551503,53.711168],[-0.576243,53.725653],[-0.579172,53.727973],[-0.637034,53.732001],[-0.658355,53.727973],[-0.726471,53.700629],[-0.717356,53.698676],[-0.708567,53.695746],[-0.700185,53.69184],[-0.692454,53.686998],[-0.67748,53.702826],[-0.64981,53.710598],[-0.619537,53.711859],[-0.596181,53.708075],[-0.555491,53.690497],[-0.544749,53.68358],[-0.529937,53.67768],[-0.514027,53.681301],[-0.486318,53.694485],[-0.30724,53.71426],[-0.279368,53.707099],[-0.260365,53.686998],[-0.188629,53.620429],[-0.144032,53.606635],[-0.113189,53.584621],[-0.095937,53.577135],[-0.060943,53.573961],[-0.04662,53.57038],[9.2e-05,53.535346],[0.095958,53.488349],[0.115082,53.483222],[0.134044,53.480618],[0.151866,53.475816],[0.167817,53.464504],[0.170909,53.457017],[0.173106,53.446763],[0.175792,53.43769],[0.181488,53.433743],[0.190603,53.431871],[0.219493,53.419501],[0.211925,53.412665],[0.22934,53.404771],[0.244884,53.390937],[0.256114,53.375067],[0.260427,53.361477],[0.342133,53.226304],[0.356212,53.188544],[0.356619,53.145738],[0.335785,53.093451],[0.329845,53.086493],[0.318696,53.083686],[0.298839,53.081204],[0.282481,53.074856],[0.193044,53.020087],[0.17449,53.015448],[0.160818,53.008979],[0.082123,52.938666],[0.061168,52.924994],[0.037608,52.919176],[0.022146,52.912584],[0.008556,52.898627],[0.010265,52.886461],[0.04066,52.885077],[0.09254,52.892524],[0.105642,52.88935],[0.133474,52.87519],[0.147146,52.872016],[0.170909,52.862128],[0.222423,52.813666],[0.246755,52.795722],[0.264496,52.803697],[0.285655,52.805569],[0.325531,52.803168],[0.341807,52.797431],[0.369884,52.773017],[0.384532,52.768378],[0.384532,52.775214],[0.379242,52.790839],[0.399425,52.809516],[0.425548,52.827379],[0.43865,52.840725],[0.444021,52.865058],[0.456716,52.891995],[0.472341,52.916449],[0.485688,52.933498],[0.520274,52.955268],[0.569591,52.969306],[0.623383,52.975653],[0.671886,52.974433],[0.664399,52.981879],[0.684744,52.986396],[0.706798,52.983222],[0.729177,52.977484],[0.750499,52.974433],[0.835704,52.974433],[0.875499,52.968166],[0.921072,52.954657],[0.968435,52.947496],[1.013927,52.96015],[1.003429,52.964748],[0.991547,52.967475],[0.979015,52.968411],[0.966075,52.967597],[0.966075,52.974433],[1.274669,52.929185],[1.396007,52.891425],[1.644216,52.775824],[1.67335,52.755683],[1.697032,52.731024],[1.715831,52.683743],[1.734141,52.654608],[1.747244,52.62519],[1.740733,52.603909],[1.746837,52.588528],[1.748709,52.568793],[1.747569,52.532782],[1.771169,52.485907],[1.7671,52.476955],[1.754405,52.467353],[1.729259,52.415595],[1.730154,52.405911],[1.727875,52.396308],[1.683604,52.32453],[1.651866,52.28913],[1.641124,52.281806],[1.630544,52.270453],[1.628266,52.244818],[1.63087,52.199774],[1.625499,52.180365],[1.607432,52.145941],[1.603526,52.127834],[1.589203,52.100816],[1.587576,52.086982],[1.582286,52.081488],[1.503673,52.060981],[1.486827,52.049018],[1.472016,52.05622],[1.466807,52.048],[1.463878,52.035142],[1.455821,52.02851],[1.448985,52.02497],[1.424815,52.001858],[1.354828,51.954047],[1.343516,51.942857],[1.332286,51.94009],[1.264415,51.994371],[1.234874,52.000312],[1.185232,52.025092],[1.157888,52.02851],[1.157888,52.021674],[1.193533,52.0008],[1.214366,51.991441],[1.260265,51.984809],[1.270763,51.981513],[1.275157,51.976996],[1.274425,51.960883],[1.271007,51.956448],[1.250743,51.959621],[1.238943,51.958645],[1.217621,51.954332],[1.20574,51.953437],[1.193207,51.955512],[1.165294,51.967027],[1.143077,51.966051],[1.094493,51.955959],[1.069102,51.953437],[1.09547,51.945746],[1.262055,51.939154],[1.281993,51.946601],[1.278494,51.927924],[1.199555,51.877672],[1.21225,51.871649],[1.227875,51.867377],[1.264415,51.864],[1.27475,51.870307],[1.282237,51.880561],[1.286632,51.881659],[1.288259,51.860582],[1.276378,51.844794],[1.219249,51.811835],[1.167817,51.790229],[1.135427,51.781724],[1.06544,51.775295],[1.046641,51.777045],[1.037283,51.782172],[1.021332,51.802558],[0.98878,51.830268],[0.979828,51.843573],[0.977061,51.824612],[0.962087,51.813788],[0.925141,51.802558],[0.894298,51.784613],[0.886974,51.782131],[0.886404,51.776679],[0.883474,51.764716],[0.878917,51.752753],[0.873709,51.747301],[0.86199,51.745551],[0.845958,51.736762],[0.835704,51.73371],[0.823497,51.733832],[0.801443,51.739691],[0.791759,51.741156],[0.7671,51.739447],[0.720876,51.728176],[0.698578,51.720038],[0.714203,51.715277],[0.732432,51.713772],[0.749278,51.708482],[0.760753,51.692694],[0.789073,51.71015],[0.853038,51.718899],[0.883556,51.726874],[0.912364,51.741523],[0.930024,51.743598],[0.945567,51.73371],[0.947439,51.725246],[0.944591,51.715481],[0.94044,51.707994],[0.938162,51.706366],[0.940196,51.698432],[0.944021,51.690579],[0.951834,51.678412],[0.941742,51.673041],[0.937999,51.664496],[0.938162,51.641262],[0.934744,51.635891],[0.926768,51.630927],[0.911469,51.623847],[0.938487,51.624986],[0.94809,51.621527],[0.951834,51.617011],[0.92449,51.588324],[0.873302,51.559475],[0.828298,51.541856],[0.816254,51.537177],[0.771251,51.528266],[0.692068,51.536322],[0.664399,51.535061],[0.663748,51.535549],[0.650564,51.535793],[0.646658,51.535346],[0.644054,51.535061],[0.642751,51.533515],[0.623383,51.52204],[0.608653,51.518988],[0.595225,51.518622],[0.582286,51.516547],[0.568858,51.508368],[0.552745,51.517971],[0.547211,51.517727],[0.525401,51.516913],[0.456065,51.505561],[0.450857,51.498277],[0.448009,51.488227],[0.441661,51.477037],[0.428477,51.467108],[0.414073,51.4619],[0.399181,51.458401],[0.384532,51.453111],[0.448416,51.459947],[0.456798,51.463121],[0.461436,51.47016],[0.464854,51.47724],[0.469574,51.480414],[0.534841,51.491685],[0.694835,51.477037],[0.709483,51.470526],[0.721934,51.456285],[0.723155,51.446723],[0.713145,51.44123],[0.692393,51.439521],[0.656505,51.444525],[0.640961,51.444159],[0.609386,51.425116],[0.572765,51.419582],[0.554535,51.412177],[0.562266,51.406562],[0.569102,51.399604],[0.576508,51.393622],[0.585948,51.391059],[0.671886,51.391059],[0.712901,51.384223],[0.704926,51.395982],[0.700369,51.409817],[0.705333,51.419501],[0.72641,51.419013],[0.728363,51.406236],[0.739268,51.387926],[0.753429,51.371527],[0.764415,51.364407],[0.977224,51.349189],[1.100922,51.373236],[1.423839,51.392076],[1.448253,51.38288],[1.439138,51.350084],[1.435557,51.343736],[1.430837,51.337795],[1.425141,51.332953],[1.41863,51.329657],[1.382986,51.329779],[1.377615,51.326239],[1.380626,51.304755],[1.387869,51.287909],[1.404307,51.261379],[1.413097,51.221747],[1.404796,51.183539],[1.384451,51.151679],[1.357188,51.131008],[1.290375,51.116523],[1.26295,51.103258],[1.251638,51.102525],[1.229991,51.103705],[1.21811,51.100979],[1.208263,51.094672],[1.199718,51.087592],[1.192068,51.082587],[1.172211,51.077379],[1.1067,51.076361],[1.087169,51.072984],[1.066905,51.064399],[1.027599,51.041653],[0.97641,50.994452],[0.966482,50.982733],[0.969086,50.956855],[0.979828,50.918158],[0.94516,50.909369],[0.869802,50.925116],[0.802257,50.939195],[0.762462,50.930894],[0.664399,50.870307],[0.624197,50.85871],[0.407481,50.829332],[0.370291,50.818793],[0.365245,50.818996],[0.354259,50.809638],[0.344412,50.799058],[0.342296,50.795152],[0.308116,50.780951],[0.271007,50.747382],[0.233897,50.747016],[0.214122,50.748928],[0.168305,50.759833],[0.1574,50.761054],[0.122081,50.76081],[0.113048,50.764146],[0.095551,50.775051],[0.077037,50.778998],[0.034516,50.780951],[0.017548,50.784857],[-0.173166,50.829006],[-0.206125,50.831041],[-0.208892,50.830105],[-0.233144,50.821926],[-0.269683,50.831285],[-0.397572,50.802069],[-0.568959,50.802069],[-0.732737,50.767279],[-0.741567,50.769232],[-0.749867,50.773871],[-0.758209,50.777086],[-0.767568,50.774726],[-0.773101,50.766018],[-0.766265,50.747138],[-0.770985,50.736884],[-0.789947,50.730048],[-0.812815,50.734768],[-0.904124,50.771877],[-0.911488,50.777818],[-0.905873,50.788031],[-0.892486,50.794623],[-0.863637,50.802069],[-0.863637,50.808254],[-0.873606,50.812934],[-0.893137,50.825344],[-0.904693,50.829332],[-0.909535,50.825995],[-0.921702,50.821601],[-0.928944,50.822821],[-0.919016,50.836168],[-0.929799,50.839993],[-0.939198,50.843248],[-0.970774,50.846991],[-0.994862,50.847073],[-1.001861,50.847113],[-1.020741,50.843655],[-1.033559,50.825914],[-1.042633,50.801907],[-1.056223,50.783026],[-1.082753,50.780951],[-1.103017,50.795478],[-1.093617,50.812934],[-1.075307,50.830024],[-1.069163,50.843655],[-1.08731,50.849799],[-1.088124,50.849758],[-1.14981,50.846666],[-1.164703,50.843655],[-1.129709,50.8251],[-1.123769,50.818793],[-1.121205,50.799384],[-1.124908,50.788723],[-1.138051,50.780951],[-1.151112,50.781399],[-1.169342,50.785875],[-1.185618,50.792426],[-1.192616,50.798651],[-1.19929,50.807929],[-1.231516,50.818915],[-1.255198,50.831936],[-1.288157,50.839179],[-1.301422,50.843655],[-1.318593,50.85692],[-1.338938,50.872707],[-1.44929,50.912055],[-1.46642,50.918158],[-1.46642,50.911933],[-1.456451,50.908759],[-1.437978,50.901313],[-1.425608,50.900092],[-1.401112,50.881171],[-1.323069,50.825751],[-1.31428,50.812161],[-1.317291,50.800238],[-1.339833,50.795152],[-1.403961,50.791571],[-1.418691,50.788398],[-1.411366,50.784898],[-1.404937,50.780951],[-1.404937,50.774726],[-1.45051,50.769355],[-1.476226,50.763414],[-1.487538,50.757717],[-1.491933,50.75727],[-1.524729,50.761054],[-1.5572,50.723293],[-1.559397,50.719224],[-1.561187,50.71898],[-1.580719,50.722642],[-1.602122,50.731757],[-1.670644,50.740058],[-1.672922,50.740058],[-1.693023,50.739936],[-1.715077,50.735785],[-1.753529,50.722846],[-1.771718,50.72012],[-1.797434,50.723171],[-1.835072,50.727688],[-1.857411,50.726955],[-1.877349,50.722846],[-1.896352,50.716295],[-1.896881,50.716051],[-1.913889,50.707424],[-1.929107,50.695868],[-1.940012,50.690823],[-1.944325,50.697659],[-1.946116,50.707913],[-1.94929,50.713324],[-1.987701,50.72012],[-2.013905,50.71894],[-2.021962,50.72012],[-2.025461,50.723863],[-2.026194,50.725084],[-2.033844,50.737128],[-2.038971,50.739936],[-2.048085,50.734809],[-2.082672,50.698961],[-2.069569,50.7001],[-2.057729,50.702826],[-2.04662,50.707261],[-2.035634,50.713324],[-2.01415,50.688788],[-2.002512,50.681301],[-1.98412,50.678534],[-1.967437,50.678656],[-1.952789,50.676581],[-1.945872,50.66885],[-1.952952,50.651842],[-1.938222,50.645819],[-1.932485,50.644436],[-1.967275,50.617092],[-1.965199,50.6022],[-1.983713,50.596625],[-2.065175,50.595526],[-2.082183,50.597846],[-2.157338,50.62051],[-2.342641,50.633775],[-2.377065,50.647528],[-2.398346,50.645575],[-2.435902,50.637519],[-2.447621,50.627875],[-2.460072,50.606513],[-2.465647,50.58515],[-2.456451,50.575507],[-2.431223,50.570258],[-2.4287,50.557563],[-2.43928,50.541815],[-2.453359,50.527655],[-2.459543,50.527655],[-2.460357,50.565497],[-2.48351,50.590399],[-2.692942,50.692816],[-2.864817,50.733791],[-2.887318,50.734361],[-2.945546,50.725816],[-2.962758,50.723293],[-2.998199,50.708238],[-3.02184,50.706488],[-3.059722,50.713324],[-3.07136,50.711005],[-3.094146,50.698961],[-3.099233,50.697089],[-3.115834,50.687974],[-3.125478,50.685289],[-3.135894,50.68594],[-3.155141,50.691352],[-3.166493,50.692816],[-3.185618,50.690741],[-3.219146,50.680813],[-3.259836,50.674547],[-3.271392,50.664496],[-3.280426,50.65119],[-3.295562,50.637519],[-3.368153,50.617092],[-3.390736,50.617825],[-3.407541,50.621283],[-3.420969,50.629462],[-3.433339,50.644436],[-3.44636,50.66828],[-3.450429,50.672309],[-3.453277,50.673285],[-3.455434,50.675442],[-3.458608,50.677558],[-3.464426,50.678534],[-3.467763,50.676418],[-3.468902,50.671698],[-3.467844,50.666978],[-3.455312,50.657904],[-3.442047,50.623521],[-3.433339,50.610256],[-3.451161,50.599433],[-3.467275,50.585598],[-3.48176,50.568549],[-3.494862,50.548163],[-3.505971,50.520819],[-3.505035,50.501207],[-3.487457,50.459418],[-3.509755,50.458482],[-3.532135,50.454779],[-3.549428,50.446519],[-3.556264,50.432115],[-3.549306,50.415595],[-3.531972,50.410224],[-3.487457,50.411566],[-3.487457,50.404771],[-3.497467,50.387356],[-3.49828,50.383694],[-3.507314,50.382799],[-3.514963,50.37995],[-3.520131,50.374823],[-3.526926,50.349799],[-3.538889,50.344428],[-3.554514,50.347642],[-3.570546,50.356391],[-3.577789,50.334052],[-3.59911,50.325832],[-3.621571,50.321926],[-3.631988,50.312323],[-3.637359,50.295396],[-3.647572,50.274563],[-3.65331,50.251044],[-3.645619,50.22602],[-3.660634,50.221015],[-3.700917,50.213528],[-3.718007,50.212388],[-3.740387,50.215888],[-3.758616,50.221747],[-3.774241,50.222968],[-3.788971,50.212388],[-3.826324,50.234198],[-3.884185,50.280463],[-3.949941,50.318996],[-3.961008,50.322252],[-3.970204,50.320746],[-3.995758,50.311428],[-4.005605,50.309231],[-4.011342,50.306952],[-4.02477,50.297187],[-4.032948,50.294908],[-4.044057,50.296454],[-4.054351,50.30036],[-4.070221,50.309231],[-4.067942,50.312812],[-4.064036,50.322252],[-4.086008,50.326239],[-4.108266,50.336615],[-4.118723,50.351874],[-4.10497,50.370673],[-4.141754,50.369045],[-4.15274,50.370673],[-4.165517,50.37637],[-4.171457,50.382799],[-4.175771,50.390855],[-4.183827,50.401068],[-4.191477,50.417629],[-4.183909,50.431708],[-4.170318,50.445136],[-4.159535,50.459418],[-4.179433,50.45307],[-4.189565,50.453681],[-4.200551,50.459418],[-4.203684,50.451402],[-4.204742,50.448676],[-4.212392,50.441474],[-4.222524,50.437974],[-4.234731,50.4383],[-4.234731,50.432115],[-4.220204,50.425849],[-4.216135,50.415717],[-4.219716,50.405097],[-4.228505,50.397366],[-4.241444,50.39468],[-4.289906,50.397366],[-4.27302,50.381903],[-4.216176,50.387763],[-4.193756,50.376899],[-4.228505,50.370673],[-4.228505,50.363837],[-4.220123,50.365302],[-4.200551,50.363837],[-4.207997,50.356391],[-4.180043,50.356391],[-4.180043,50.350165],[-4.191314,50.347561],[-4.197987,50.342231],[-4.199127,50.335395],[-4.193756,50.328437],[-4.193756,50.322252],[-4.214996,50.323147],[-4.225697,50.335395],[-4.235097,50.349555],[-4.252349,50.356391],[-4.337717,50.370673],[-4.383697,50.367499],[-4.456207,50.338202],[-4.495351,50.328437],[-4.65982,50.322252],[-4.659576,50.320624],[-4.662709,50.317776],[-4.667795,50.315334],[-4.673451,50.315416],[-4.687164,50.342719],[-4.694325,50.343451],[-4.700185,50.340888],[-4.705556,50.337551],[-4.711334,50.335883],[-4.731557,50.334662],[-4.752105,50.330308],[-4.763295,50.322089],[-4.755442,50.309231],[-4.755442,50.301744],[-4.762359,50.298041],[-4.771637,50.291571],[-4.779856,50.284329],[-4.783355,50.277899],[-4.78189,50.271796],[-4.776519,50.265082],[-4.776519,50.26081],[-4.788442,50.242092],[-4.790151,50.236558],[-4.80016,50.22956],[-4.849721,50.234565],[-4.868723,50.229438],[-4.887318,50.214993],[-4.904775,50.208441],[-4.947255,50.199368],[-4.960683,50.190497],[-5.002431,50.14411],[-5.014556,50.156562],[-5.020375,50.191962],[-5.033193,50.199368],[-5.052968,50.195787],[-5.053619,50.186916],[-5.051869,50.175523],[-5.064565,50.164618],[-5.064565,50.158393],[-5.058502,50.155463],[-5.043446,50.14411],[-5.051869,50.144599],[-5.058461,50.142727],[-5.07079,50.137274],[-5.080312,50.132717],[-5.081614,50.125393],[-5.080963,50.117174],[-5.085032,50.109931],[-5.093902,50.105536],[-5.125966,50.09634],[-5.114654,50.096625],[-5.106068,50.09512],[-5.091868,50.089504],[-5.086903,50.089057],[-5.075347,50.090481],[-5.07079,50.089504],[-5.068471,50.08515],[-5.064931,50.071845],[-5.060862,50.069037],[-5.056508,50.060614],[-5.069488,50.042182],[-5.098053,50.01439],[-5.107289,50.013007],[-5.127431,50.015448],[-5.139638,50.01439],[-5.146474,50.010565],[-5.176137,49.987942],[-5.187734,49.964504],[-5.191151,49.959133],[-5.200103,49.961371],[-5.210357,49.966742],[-5.240387,49.988349],[-5.245229,49.993109],[-5.249501,50.000067],[-5.253041,50.012641],[-5.252268,50.020697],[-5.252675,50.027777],[-5.259755,50.037665],[-5.288401,50.067694],[-5.304351,50.080268],[-5.323964,50.089504],[-5.384185,50.107978],[-5.424713,50.112738],[-5.458119,50.125881],[-5.474843,50.130439],[-5.495676,50.129625],[-5.52184,50.123725],[-5.540924,50.113471],[-5.540639,50.099758],[-5.534657,50.082343],[-5.545562,50.068915],[-5.563466,50.059638],[-5.57844,50.054755],[-5.619456,50.04621],[-5.667388,50.042873],[-5.705149,50.052314],[-5.715647,50.082709],[-5.705963,50.083482],[-5.698801,50.085395],[-5.694488,50.089504],[-5.694407,50.095771],[-5.697092,50.100531],[-5.700307,50.103217],[-5.701975,50.103176],[-5.707387,50.122016],[-5.709218,50.132636],[-5.705393,50.137274],[-5.703521,50.140611],[-5.684641,50.161526],[-5.676747,50.165025],[-5.647369,50.172065],[-5.583608,50.195868],[-5.549428,50.203518],[-5.510976,50.219468],[-5.489125,50.219794],[-5.458119,50.200751],[-5.437978,50.194322],[-5.417388,50.20246],[-5.402943,50.217353],[-5.395863,50.22724],[-5.392893,50.236558],[-5.387563,50.240302],[-5.351918,50.240302],[-5.314849,50.253607],[-5.200307,50.330756],[-5.163564,50.347235],[-5.149892,50.350165],[-5.146474,50.355292],[-5.14566,50.366889],[-5.147043,50.379381],[-5.153676,50.399482],[-5.142405,50.404486],[-5.127268,50.405219],[-5.11974,50.404771],[-5.050282,50.428697],[-5.048166,50.434394],[-5.038726,50.447903],[-5.029775,50.486762],[-5.028635,50.507025],[-5.025258,50.524237],[-5.015614,50.538031],[-4.995595,50.548163],[-4.975168,50.548163],[-4.967844,50.551581],[-4.954823,50.561225],[-4.947255,50.562445],[-4.941477,50.556952],[-4.937123,50.545315],[-4.934438,50.531643],[-4.933583,50.52025],[-4.926869,50.522895],[-4.924306,50.524482],[-4.920522,50.527655],[-4.902415,50.520575],[-4.860951,50.519192],[-4.844838,50.514065],[-4.855824,50.527411],[-4.87328,50.534084],[-4.906239,50.541978],[-4.921864,50.554877],[-4.920237,50.564154],[-4.915191,50.572496],[-4.920522,50.582953],[-4.920522,50.589179],[-4.89566,50.585924],[-4.821197,50.589179],[-4.79247,50.595201],[-4.776601,50.609849],[-4.765045,50.627997],[-4.749257,50.644436],[-4.755442,50.659369],[-4.751943,50.670071],[-4.741933,50.674872],[-4.728139,50.672309],[-4.657297,50.711127],[-4.645579,50.723538],[-4.637807,50.741156],[-4.619008,50.754788],[-4.57726,50.774726],[-4.55012,50.809556],[-4.554921,50.897773],[-4.543772,50.939195],[-4.536855,50.947577],[-4.522694,50.972724],[-4.526682,50.980373],[-4.530426,50.994696],[-4.531321,51.008694],[-4.526438,51.01496],[-4.437327,51.01496],[-4.426422,51.012681],[-4.405751,51.002875],[-4.395741,51.000678],[-4.337717,50.996649],[-4.317291,51.000678],[-4.302317,51.007514],[-4.234731,51.055325],[-4.229156,51.061103],[-4.22468,51.067084],[-4.218495,51.072455],[-4.207997,51.076361],[-4.214263,51.086005],[-4.226308,51.113227],[-4.228505,51.120429],[-4.231923,51.126695],[-4.249013,51.14289],[-4.255767,51.151516],[-4.22232,51.149726],[-4.214833,51.151516],[-4.208363,51.162299],[-4.209828,51.172838],[-4.217275,51.181383],[-4.228505,51.186225],[-4.228505,51.19245],[-4.152333,51.211615],[-3.969472,51.222398],[-3.931996,51.23135],[-3.913197,51.233385],[-3.840891,51.233385],[-3.818959,51.23607],[-3.787099,51.246772],[-3.769154,51.247707],[-3.63976,51.226386],[-3.559316,51.228095],[-3.434193,51.209784],[-3.404368,51.192043],[-3.384999,51.186225],[-3.270741,51.189399],[-3.198883,51.203559],[-3.16275,51.206732],[-3.09675,51.204535],[-3.057525,51.208157],[-3.029286,51.220404],[-3.02184,51.213568],[-3.035553,51.199286],[-3.02184,51.19245],[-3.004791,51.213121],[-3.001332,51.220404],[-2.999582,51.233222],[-3.001536,51.239691],[-3.004994,51.245063],[-3.008168,51.254543],[-3.007639,51.291978],[-3.01061,51.310981],[-3.02184,51.322821],[-3.002431,51.319078],[-2.992177,51.321926],[-2.992096,51.322048],[-2.988393,51.331122],[-2.987782,51.346666],[-2.979888,51.355862],[-2.965972,51.364936],[-2.959584,51.374254],[-2.97468,51.384223],[-2.952952,51.398505],[-2.92101,51.394436],[-2.884185,51.416978],[-2.816396,51.473619],[-2.798573,51.482611],[-2.780873,51.489081],[-2.76122,51.492865],[-2.73762,51.494086],[-2.71642,51.499579],[-2.696156,51.512641],[-2.607818,51.607367],[-2.599599,51.611396],[-2.589223,51.614244],[-2.580434,51.618638],[-2.576812,51.627509],[-2.574452,51.635728],[-2.568959,51.644965],[-2.562245,51.653388],[-2.556386,51.659247],[-2.499176,51.696763],[-2.464996,51.725898],[-2.447743,51.731879],[-2.404897,51.741156],[-2.388539,51.750434],[-2.380767,51.761908],[-2.383372,51.773261],[-2.398061,51.782131],[-2.402415,51.763577],[-2.4204,51.753119],[-2.44343,51.74844],[-2.463287,51.747301],[-2.482086,51.742865],[-2.495839,51.732001],[-2.507965,51.718573],[-2.522125,51.706366],[-2.581695,51.681708],[-2.591135,51.67536],[-2.600209,51.665595],[-2.665354,51.617255],[-2.693756,51.596177],[-2.713124,51.586615],[-2.760487,51.579779],[-2.798085,51.563503],[-2.816396,51.555569],[-2.858713,51.546129],[-2.943349,51.542548],[-2.956288,51.545722],[-2.964101,51.552802],[-2.969472,51.559882],[-2.97468,51.562974],[-2.984039,51.558539],[-3.010243,51.538031],[-3.015696,51.531643],[-3.07372,51.508368],[-3.076487,51.507758],[-3.088938,51.505072],[-3.105621,51.497219],[-3.131703,51.480414],[-3.135081,51.476304],[-3.14094,51.464789],[-3.145375,51.459947],[-3.152415,51.45718],[-3.166656,51.456],[-3.172393,51.453274],[-3.172719,51.453111],[-3.160064,51.43183],[-3.167144,51.410468],[-3.184804,51.39761],[-3.20401,51.401597],[-3.218861,51.402777],[-3.289418,51.384223],[-3.539174,51.398505],[-3.557444,51.405097],[-3.575307,51.420437],[-3.604726,51.445705],[-3.663197,51.476223],[-3.676991,51.477037],[-3.695424,51.471503],[-3.717926,51.478583],[-3.73762,51.490871],[-3.748036,51.500922],[-3.74942,51.505357],[-3.74767,51.507025],[-3.744537,51.507636],[-3.741851,51.508368],[-3.749338,51.528062],[-3.751902,51.533067],[-3.758941,51.54678],[-3.770131,51.5633],[-3.782216,51.576646],[-3.790273,51.581977],[-3.807729,51.589179],[-3.816965,51.596503],[-3.832672,51.615546],[-3.841624,51.621527],[-3.854888,51.623847],[-3.88679,51.621405],[-3.962392,51.615627],[-3.976633,51.611884],[-3.98998,51.606513],[-3.998769,51.600287],[-3.999908,51.590888],[-3.992258,51.581122],[-3.981801,51.571601],[-3.974599,51.562974],[-4.016184,51.562974],[-4.016103,51.56037],[-4.020823,51.555854],[-4.026519,51.554023],[-4.029205,51.559272],[-4.031972,51.563137],[-4.038564,51.56623],[-4.046457,51.568427],[-4.053131,51.569241],[-4.056304,51.567043],[-4.065582,51.557563],[-4.070221,51.555569],[-4.076812,51.556952],[-4.08727,51.561916],[-4.112131,51.565619],[-4.121653,51.565985],[-4.132192,51.562974],[-4.14273,51.556952],[-4.156809,51.546291],[-4.166412,51.542548],[-4.176503,51.544257],[-4.187734,51.548774],[-4.196767,51.549384],[-4.200551,51.538764],[-4.213368,51.53913],[-4.27245,51.554755],[-4.289906,51.555569],[-4.293324,51.559149],[-4.295155,51.561957],[-4.297353,51.569241],[-4.27831,51.578192],[-4.280832,51.588813],[-4.289703,51.601549],[-4.289906,51.617011],[-4.255767,51.623847],[-4.252024,51.627102],[-4.241282,51.63935],[-4.234731,51.644965],[-4.228505,51.637437],[-4.234731,51.637437],[-4.234731,51.631293],[-4.227854,51.628119],[-4.221018,51.623847],[-4.190094,51.630276],[-4.139027,51.63231],[-4.091298,51.639879],[-4.070221,51.662299],[-4.069814,51.668931],[-4.070383,51.674302],[-4.070546,51.675971],[-4.075429,51.677802],[-4.08727,51.66885],[-4.095448,51.665107],[-4.106842,51.664252],[-4.146352,51.66706],[-4.200551,51.685858],[-4.214955,51.679674],[-4.293691,51.672268],[-4.315297,51.677476],[-4.342356,51.690863],[-4.366444,51.708482],[-4.379262,51.726874],[-4.338043,51.723334],[-4.319976,51.72484],[-4.310455,51.73371],[-4.328725,51.732978],[-4.347157,51.735785],[-4.362538,51.742865],[-4.371816,51.754788],[-4.368764,51.756985],[-4.362904,51.763861],[-4.358022,51.773139],[-4.358225,51.782131],[-4.365102,51.789049],[-4.37149,51.785956],[-4.379262,51.775295],[-4.384918,51.771877],[-4.392974,51.763739],[-4.399159,51.761623],[-4.409332,51.76317],[-4.417877,51.76789],[-4.426503,51.775295],[-4.44579,51.773261],[-4.44933,51.766303],[-4.441396,51.756781],[-4.426503,51.747301],[-4.460764,51.735785],[-4.498891,51.734849],[-4.574208,51.741156],[-4.603424,51.739244],[-4.639231,51.733181],[-4.645375,51.732123],[-4.678212,51.717434],[-4.680287,51.692694],[-4.689443,51.691596],[-4.69164,51.689887],[-4.69164,51.685981],[-4.693959,51.678412],[-4.71231,51.650092],[-4.721425,51.652045],[-4.734934,51.659247],[-4.741851,51.656073],[-4.759185,51.644965],[-4.848297,51.646308],[-4.863515,51.64411],[-4.878977,51.637437],[-4.887807,51.62995],[-4.895741,51.62108],[-4.904775,51.613837],[-4.923695,51.608629],[-4.931996,51.599026],[-4.941029,51.596503],[-4.946034,51.597602],[-4.956451,51.602769],[-5.021596,51.616034],[-5.045766,51.626899],[-5.03661,51.637437],[-5.051178,51.656928],[-5.100494,51.6647],[-5.11974,51.678412],[-5.113433,51.685289],[-5.03661,51.678412],[-5.038726,51.68183],[-5.041331,51.689399],[-5.043446,51.692694],[-5.028676,51.692939],[-5.002553,51.687405],[-4.988189,51.685858],[-4.974599,51.687934],[-4.941029,51.700141],[-4.892649,51.706366],[-4.868276,51.716783],[-4.858062,51.718329],[-4.844838,51.713813],[-4.844838,51.720038],[-4.873402,51.737738],[-4.879018,51.76203],[-4.862538,51.782375],[-4.82433,51.788275],[-4.82433,51.795722],[-4.836008,51.790717],[-4.86498,51.783271],[-4.921295,51.780015],[-4.933583,51.775295],[-4.917226,51.775336],[-4.905181,51.771186],[-4.900543,51.762112],[-4.906239,51.747301],[-4.892079,51.739407],[-4.89566,51.728176],[-4.910553,51.718207],[-4.988189,51.706855],[-5.009918,51.706366],[-5.149241,51.718085],[-5.1669,51.713813],[-5.156972,51.697577],[-5.168609,51.68891],[-5.182851,51.689276],[-5.180653,51.700141],[-5.180653,51.706366],[-5.230133,51.730048],[-5.249501,51.73371],[-5.228139,51.733954],[-5.213938,51.735745],[-5.20287,51.74079],[-5.191151,51.751044],[-5.176829,51.75967],[-5.143219,51.763861],[-5.125966,51.7685],[-5.11026,51.77851],[-5.107086,51.788072],[-5.112294,51.813178],[-5.113393,51.828803],[-5.117502,51.843695],[-5.125885,51.856024],[-5.139638,51.864],[-5.146474,51.857164],[-5.164377,51.866767],[-5.203765,51.870185],[-5.221588,51.877672],[-5.235829,51.871039],[-5.291412,51.864],[-5.310943,51.864],[-5.30427,51.867621],[-5.297353,51.870185],[-5.297353,51.877672],[-5.300689,51.882025],[-5.302561,51.88524],[-5.30016,51.888332],[-5.290517,51.891995],[-5.290517,51.898139],[-5.298329,51.910956],[-5.28893,51.916938],[-5.252838,51.918647],[-5.234202,51.923041],[-5.204172,51.942288],[-5.191151,51.946601],[-5.16039,51.949449],[-5.119537,51.95893],[-5.088043,51.97602],[-5.085032,52.001858],[-5.07079,52.001858],[-5.07079,52.008043],[-5.082753,52.014472],[-5.081207,52.021186],[-5.070221,52.026353],[-5.0537,52.02851],[-5.026601,52.027411],[-5.015045,52.025336],[-4.961741,52.007514],[-4.942535,52.007473],[-4.913686,52.014838],[-4.920522,52.02851],[-4.901601,52.026435],[-4.863189,52.016995],[-4.84142,52.014838],[-4.832265,52.018988],[-4.833852,52.028754],[-4.838287,52.040107],[-4.838002,52.049018],[-4.830393,52.052924],[-4.796986,52.056464],[-4.777577,52.064887],[-4.763173,52.075873],[-4.738678,52.100816],[-4.720286,52.113349],[-4.706532,52.113471],[-4.673451,52.097398],[-4.675689,52.126939],[-4.637522,52.138495],[-4.513824,52.135688],[-4.502268,52.138373],[-4.495758,52.1435],[-4.490956,52.150377],[-4.484283,52.156317],[-4.454701,52.162055],[-4.434804,52.170356],[-4.415395,52.181545],[-4.385569,52.203437],[-4.371246,52.209296],[-4.354726,52.212104],[-4.33434,52.212836],[-4.315826,52.216295],[-4.197133,52.279283],[-4.139068,52.330227],[-4.109609,52.365302],[-4.096262,52.387885],[-4.087392,52.430121],[-4.078969,52.45303],[-4.067942,52.473619],[-4.056549,52.48786],[-4.061838,52.497056],[-4.064036,52.509182],[-4.062571,52.520982],[-4.056549,52.529446],[-4.048492,52.530463],[-4.026601,52.523383],[-4.016184,52.521959],[-3.998769,52.525946],[-3.947336,52.549262],[-3.947336,52.556708],[-3.974477,52.556545],[-4.025868,52.545356],[-4.053131,52.542426],[-4.068471,52.550116],[-4.114125,52.588609],[-4.125478,52.603909],[-4.122222,52.62873],[-4.105946,52.65351],[-4.084828,52.672675],[-4.067128,52.680243],[-4.063547,52.683092],[-4.058827,52.696601],[-4.056549,52.70067],[-4.052724,52.702216],[-4.041982,52.704657],[-4.001088,52.724107],[-3.988271,52.73428],[-4.014719,52.732327],[-4.031972,52.723944],[-4.048818,52.721584],[-4.125152,52.778306],[-4.144358,52.802802],[-4.149037,52.812079],[-4.14623,52.820217],[-4.128896,52.823635],[-4.11734,52.830756],[-4.119781,52.846259],[-4.127756,52.861721],[-4.132192,52.868313],[-4.131988,52.882473],[-4.129872,52.889228],[-4.123606,52.893256],[-4.064036,52.919176],[-4.071401,52.921088],[-4.074574,52.922797],[-4.077626,52.926663],[-4.089101,52.91885],[-4.100494,52.91413],[-4.110585,52.915676],[-4.11856,52.926663],[-4.144399,52.914781],[-4.17162,52.913479],[-4.228505,52.919176],[-4.300689,52.905585],[-4.317291,52.899359],[-4.33731,52.892035],[-4.406606,52.892524],[-4.427235,52.885972],[-4.446197,52.875922],[-4.481679,52.850898],[-4.477935,52.848334],[-4.475494,52.844143],[-4.491363,52.838202],[-4.500966,52.826809],[-4.501332,52.81391],[-4.489125,52.803168],[-4.501943,52.794989],[-4.509185,52.791449],[-4.516469,52.789496],[-4.528554,52.790473],[-4.54247,52.800686],[-4.563954,52.805243],[-4.583079,52.814643],[-4.594635,52.816799],[-4.606516,52.81509],[-4.613515,52.811103],[-4.619211,52.806545],[-4.626332,52.803168],[-4.64859,52.799628],[-4.704498,52.803168],[-4.719309,52.797512],[-4.733225,52.787502],[-4.747426,52.783433],[-4.762847,52.789496],[-4.752512,52.798774],[-4.751454,52.803209],[-4.755442,52.809312],[-4.749257,52.814276],[-4.734934,52.830471],[-4.596059,52.928412],[-4.580963,52.933498],[-4.562082,52.934516],[-4.543528,52.937934],[-4.523997,52.944241],[-4.44343,52.982164],[-4.423695,53.002631],[-4.358225,53.028469],[-4.349965,53.04149],[-4.345693,53.059475],[-4.343861,53.10106],[-4.340891,53.112738],[-4.33434,53.116767],[-4.327626,53.114691],[-4.324696,53.107896],[-4.320668,53.101508],[-4.312245,53.109442],[-4.304758,53.120998],[-4.303619,53.125312],[-4.263539,53.154527],[-4.252349,53.15941],[-4.234527,53.164008],[-4.221303,53.175035],[-4.200551,53.200995],[-4.177968,53.217597],[-4.151519,53.228095],[-4.122222,53.233466],[-4.090688,53.235175],[-4.082346,53.233547],[-4.07433,53.230658],[-4.066884,53.229071],[-4.054107,53.234361],[-4.032297,53.240709],[-4.008901,53.244452],[-3.974599,53.261786],[-3.865305,53.28913],[-3.831288,53.28913],[-3.84142,53.30744],[-3.870758,53.325629],[-3.878407,53.337592],[-3.859975,53.33633],[-3.840566,53.332831],[-3.822987,53.326565],[-3.810129,53.317084],[-3.790517,53.323432],[-3.76887,53.319159],[-3.748199,53.307807],[-3.731923,53.292873],[-3.716298,53.286933],[-3.602203,53.288886],[-3.562327,53.29442],[-3.37206,53.350898],[-3.330312,53.351793],[-3.292388,53.340522],[-3.271311,53.330552],[-3.262074,53.320502],[-3.250803,53.312567],[-3.122222,53.262274],[-3.107533,53.251899],[-3.095123,53.239325],[-3.087758,53.234687],[-3.084543,53.238593],[-3.084543,53.258572],[-3.084543,53.275458],[-3.095937,53.287136],[-3.111195,53.302802],[-3.135406,53.333808],[-3.171539,53.36225],[-3.185211,53.377265],[-3.18635,53.392768],[-3.175526,53.402737],[-3.157297,53.408759],[-3.114654,53.412665],[-3.094228,53.417385],[-3.058258,53.43476],[-3.035553,53.433743],[-3.012196,53.416693],[-2.952952,53.32392],[-2.935129,53.309475],[-2.910553,53.296332],[-2.8815,53.288398],[-2.850575,53.28913],[-2.849599,53.291205],[-2.848378,53.295559],[-2.84496,53.300116],[-2.837554,53.302802],[-2.828603,53.302436],[-2.813385,53.297756],[-2.806142,53.296576],[-2.789784,53.297431],[-2.775502,53.299872],[-2.748118,53.309638],[-2.753651,53.322455],[-2.750885,53.33161],[-2.743153,53.338528],[-2.734486,53.344428],[-2.726145,53.341986],[-2.717437,53.342719],[-2.708608,53.346137],[-2.699778,53.351793],[-2.714101,53.352362],[-2.764394,53.34516],[-2.77538,53.34101],[-2.782379,53.326361],[-2.799794,53.321031],[-2.810333,53.321723],[-2.843658,53.32392],[-2.886464,53.333564],[-2.924957,53.350002],[-2.956939,53.370551],[-2.980824,53.392768],[-3.096588,53.544338],[-3.101918,53.558051],[-3.099477,53.572008],[-3.087636,53.587714],[-3.02184,53.652818],[-2.968658,53.694037],[-2.960357,53.697577],[-2.951731,53.708075],[-2.911448,53.725043],[-2.899037,53.735419],[-2.984853,53.73607],[-3.021474,53.745795],[-3.049184,53.769517],[-3.056386,53.803046],[-3.044911,53.878485],[-3.05663,53.906155],[-3.040679,53.923529],[-3.017568,53.931952],[-2.925689,53.952704],[-2.90925,53.953843],[-2.896108,53.94774],[-2.888539,53.946031],[-2.885365,53.950507],[-2.881988,53.956529],[-2.874176,53.961656],[-2.865142,53.965481],[-2.857981,53.967597],[-2.869252,53.978827],[-2.834462,53.999823],[-2.830068,54.016018],[-2.847524,54.008368],[-2.864858,54.004299],[-2.895497,54.002346],[-2.900299,54.00495],[-2.916086,54.026557],[-2.918202,54.034329],[-2.911285,54.039984],[-2.900787,54.044908],[-2.892079,54.050116],[-2.87267,54.071601],[-2.858876,54.081],[-2.826772,54.088813],[-2.815175,54.098782],[-2.795969,54.12519],[-2.812815,54.139879],[-2.836415,54.167589],[-2.850942,54.184638],[-2.854237,54.194078],[-2.832875,54.199042],[-2.810292,54.2119],[-2.795237,54.229478],[-2.795969,54.248725],[-2.802805,54.248725],[-2.80663,54.23371],[-2.820872,54.221747],[-2.850575,54.20775],[-2.886383,54.196275],[-2.904652,54.187649],[-2.912668,54.176988],[-2.9204,54.162055],[-2.939198,54.155097],[-2.984202,54.153144],[-2.997711,54.159573],[-3.011342,54.17414],[-3.017323,54.19009],[-3.008168,54.200344],[-3.01537,54.2119],[-3.024485,54.221584],[-3.035756,54.225979],[-3.049184,54.222073],[-3.044667,54.208319],[-3.047841,54.194322],[-3.053538,54.181301],[-3.05663,54.170233],[-3.061025,54.161933],[-3.090728,54.139472],[-3.107655,54.118557],[-3.117909,54.108832],[-3.145253,54.100043],[-3.14745,54.08869],[-3.144399,54.075141],[-3.145375,54.063788],[-3.180531,54.092841],[-3.189768,54.097886],[-3.205719,54.098538],[-3.219553,54.100775],[-3.231109,54.105129],[-3.240956,54.112128],[-3.238108,54.12759],[-3.232533,54.14468],[-3.233144,54.159166],[-3.248402,54.166815],[-3.248402,54.173651],[-3.215199,54.179836],[-3.206776,54.20893],[-3.209055,54.242743],[-3.207387,54.263007],[-3.223134,54.257636],[-3.231353,54.247219],[-3.240956,54.222073],[-3.232167,54.202541],[-3.247141,54.197943],[-3.270131,54.199123],[-3.286,54.197211],[-3.306793,54.191881],[-3.328521,54.204739],[-3.364491,54.242499],[-3.394195,54.26439],[-3.407379,54.277737],[-3.412913,54.293769],[-3.41039,54.301459],[-3.405995,54.309638],[-3.404124,54.318549],[-3.411448,54.33275],[-3.413442,54.342963],[-3.416331,54.344916],[-3.440175,54.351752],[-3.474273,54.3935],[-3.497711,54.405829],[-3.591868,54.4831],[-3.608144,54.488267],[-3.613189,54.491645],[-3.623687,54.50609],[-3.634185,54.512885],[-3.62682,54.520413],[-3.6162,54.527574],[-3.611562,54.529934],[-3.590321,54.564643],[-3.563832,54.642768],[-3.530141,54.688056],[-3.516021,54.712877],[-3.509185,54.721666],[-3.500722,54.725979],[-3.478871,54.730902],[-3.468129,54.735297],[-3.455434,54.745022],[-3.439565,54.761461],[-3.430979,54.780463],[-3.440175,54.797431],[-3.407541,54.856024],[-3.387929,54.883368],[-3.364491,54.899807],[-3.34496,54.902533],[-3.333363,54.897284],[-3.322743,54.889879],[-3.306467,54.886176],[-3.295725,54.886908],[-3.254628,54.899807],[-3.267323,54.905504],[-3.317291,54.920315],[-3.291493,54.936672],[-3.276519,54.943427],[-3.213612,54.954413],[-3.201039,54.952216],[-3.193674,54.948635],[-3.187978,54.944485],[-3.180165,54.940823],[-3.142812,54.933539],[-3.122792,54.932685],[-3.03954,54.94717],[-3.02184,54.954413],[-3.090728,54.954413],[-3.090728,54.961249],[-3.071523,54.963121],[-3.056223,54.968817],[-3.040924,54.97248],[-3.02184,54.968085],[-3.02184,54.975531],[-1.412913,55.000312]]],[[[-1.295766,50.773179],[-1.144276,50.733791],[-1.119537,50.734198],[-1.10912,50.732856],[-1.097035,50.726955],[-1.096425,50.724433],[-1.097646,50.71601],[-1.097035,50.713324],[-1.094228,50.712633],[-1.085561,50.714016],[-1.082753,50.713324],[-1.062327,50.692816],[-1.062327,50.685289],[-1.066965,50.685248],[-1.069651,50.683498],[-1.071889,50.680976],[-1.075307,50.678534],[-1.112701,50.671454],[-1.128651,50.666449],[-1.156361,50.650784],[-1.162221,50.645982],[-1.164703,50.640937],[-1.164133,50.619371],[-1.165028,50.608222],[-1.168446,50.603461],[-1.226365,50.592504],[-1.279205,50.582506],[-1.315541,50.589179],[-1.445953,50.648139],[-1.452789,50.654283],[-1.485951,50.669338],[-1.497426,50.672309],[-1.535146,50.669379],[-1.551503,50.665107],[-1.569488,50.658026],[-1.545318,50.686103],[-1.50593,50.707709],[-1.418691,50.733791],[-1.420888,50.730455],[-1.423451,50.7237],[-1.425364,50.72012],[-1.400868,50.721991],[-1.377553,50.734198],[-1.343495,50.761054],[-1.295766,50.773179]]],[[[-0.950307,50.823798],[-0.947825,50.817816],[-0.951405,50.812445],[-0.959869,50.808254],[-0.959869,50.802069],[-0.954579,50.798814],[-0.945627,50.791815],[-0.938832,50.788398],[-0.938832,50.780951],[-0.96621,50.78344],[-1.020741,50.788398],[-1.020741,50.795152],[-0.998687,50.801011],[-0.972564,50.829779],[-0.950307,50.823798]]],[[[-2.162709,49.260403],[-2.151682,49.267035],[-2.143788,49.261868],[-2.121978,49.258287],[-2.110666,49.253404],[-2.103871,49.258205],[-2.097564,49.25967],[-2.082672,49.26024],[-2.06786,49.250678],[-2.02066,49.235256],[-2.021962,49.225491],[-2.017323,49.221381],[-2.011871,49.215277],[-2.00829,49.21247],[-2.016998,49.207221],[-2.020985,49.200751],[-2.022043,49.19245],[-2.021962,49.181383],[-2.024526,49.171332],[-2.031158,49.171454],[-2.040028,49.175727],[-2.049224,49.17829],[-2.079986,49.178697],[-2.096995,49.183661],[-2.120229,49.199164],[-2.128896,49.20307],[-2.137929,49.205634],[-2.144846,49.205634],[-2.152943,49.199937],[-2.160634,49.190741],[-2.168691,49.17829],[-2.177154,49.180162],[-2.189687,49.189114],[-2.200103,49.191962],[-2.202952,49.190416],[-2.223378,49.184719],[-2.233632,49.184516],[-2.226471,49.206],[-2.233225,49.228502],[-2.242014,49.247952],[-2.241119,49.26024],[-2.22936,49.263007],[-2.215199,49.26024],[-2.196278,49.253404],[-2.162709,49.260403]]],[[[-2.605041,49.478022],[-2.58023,49.493598],[-2.55956,49.499335],[-2.538197,49.509833],[-2.518219,49.51553],[-2.501698,49.506659],[-2.505767,49.497992],[-2.522125,49.479967],[-2.526723,49.458482],[-2.532948,49.442857],[-2.532786,49.43891],[-2.534088,49.436225],[-2.541982,49.430894],[-2.552073,49.426703],[-2.558705,49.427191],[-2.564849,49.429511],[-2.57311,49.430894],[-2.628426,49.430894],[-2.669342,49.430894],[-2.673451,49.433498],[-2.670766,49.438788],[-2.662953,49.443793],[-2.651845,49.445217],[-2.656565,49.459418],[-2.650258,49.46369],[-2.605041,49.478022]]]]}},
{"type":"Feature","properties":{"name":"Lille TMA","fillStyle":{"color":[64,64,64],"opacity":1.0},"lineStyle":{"color":[64,64,64],"width":1}},"geometry":{"type":"MultiPolygon","coordinates":[[[[1.25,50.633333],[1.47375,50.761199],[1.483333,50.766667],[1.577519,50.735289],[1.733333,50.683333],[1.933333,50.55],[1.95,50.433333],[1.870834,50.383359],[1.791667,50.333333],[1.700556,50.377778],[1.601667,50.437778],[1.569379,50.437778],[1.554444,50.437778],[1.25,50.633333]]],[[[1.750556,50.748889],[2.157128,50.81871],[2.2375,50.8325],[2.398889,50.970278],[2.327778,51.03],[2.29901,51.054063],[2.284583,51.066125],[2.241389,51.102222],[2.0,51.116667],[1.824167,51.078611],[1.604298,50.880781],[1.591111,50.868889],[1.615625,50.842782],[1.650556,50.805556],[1.750556,50.748889]]],[[[0.616667,49.833333],[1.4,49.75],[1.536111,49.751667],[1.590833,49.738611],[1.527222,49.679167],[1.519167,49.595556],[1.550833,49.560556],[1.641389,49.502778],[1.458333,49.383333],[1.219167,49.282778],[0.850833,49.190556],[0.609444,49.185556],[0.666389,49.278056],[0.616667,49.833333]]],[[[2.375,49.716667],[2.501944,49.716667],[2.668611,49.716667],[2.832222,49.849167],[3.078333,49.849167],[3.160556,49.877222],[3.116667,50.0],[3.779444,50.0],[4.000278,50.160556],[3.74,50.308333],[3.718364,50.308333],[3.716667,50.308333],[3.716765,50.30826],[3.715436,50.306483],[3.720031,50.305017],[3.71025,50.303228],[3.702033,50.310956],[3.694322,50.313464],[3.695277,50.316107],[3.695272,50.316109],[3.683997,50.320133],[3.689792,50.319006],[3.690575,50.320339],[3.692156,50.320114],[3.691614,50.318953],[3.692647,50.318794],[3.693872,50.321822],[3.688678,50.322764],[3.684878,50.324967],[3.685606,50.326483],[3.679481,50.329178],[3.677839,50.33295],[3.674547,50.332922],[3.672914,50.334819],[3.6774,50.3403],[3.669164,50.345261],[3.669336,50.346731],[3.664689,50.347667],[3.667192,50.3512],[3.667214,50.360892],[3.664542,50.365522],[3.658947,50.366861],[3.657103,50.369308],[3.658158,50.373306],[3.614444,50.409167],[3.573611,50.4425],[3.524814,50.474774],[3.504722,50.488056],[3.504707,50.4881],[3.500653,50.486733],[3.497447,50.493203],[3.499411,50.494561],[3.496125,50.498864],[3.496131,50.49887],[3.49,50.506667],[3.487778,50.529444],[3.473611,50.669167],[3.423611,50.6875],[3.260337,50.680037],[3.225,50.678333],[3.225,50.678333],[3.07,50.67],[2.8925,50.693889],[2.896081,50.696644],[2.921389,50.717222],[2.804444,50.843889],[2.632437,50.816978],[2.611944,50.813889],[2.325278,50.652222],[2.269444,50.503889],[2.297222,50.430556],[2.283333,50.391667],[2.560556,50.350278],[2.525,50.305556],[2.359722,50.097222],[2.344722,50.077778],[2.238889,49.941944],[2.375,49.716667]]]]}},
{"type":"Feature","properties":{"name":"Lille CTR","fillStyle":{"color":[56,56,56],"opacity":1.0},"lineStyle":{"color":[56,56,56],"width":1}},"geometry":{"type":"MultiPolygon","coordinates":[[[[2.970833,50.644722],[2.970833,50.644722],[3.058889,50.650556],[3.058889,50.650556],[3.111944,50.658056],[3.111944,50.658056],[3.148056,50.664444],[3.165751,50.663509],[3.165751,50.663509],[3.188159,50.660086],[3.188159,50.660086],[3.209449,50.654474],[3.209449,50.654474],[3.229098,50.646814],[3.229098,50.646814],[3.246621,50.637295],[3.246621,50.637295],[3.252222,50.633333],[3.252222,50.633333],[3.279444,50.538056],[3.273627,50.528972],[3.273627,50.528972],[3.261587,50.516506],[3.261587,50.516506],[3.246621,50.505391],[3.246621,50.505391],[3.229098,50.4959],[3.229098,50.4959],[3.209449,50.488266],[3.209449,50.488266],[3.188159,50.482675],[3.188159,50.482675],[3.174167,50.480278],[3.174167,50.480278],[3.020278,50.458611],[3.020278,50.458611],[3.011574,50.457598],[3.011574,50.457598],[2.988611,50.456452],[2.965648,50.457598],[2.965648,50.457598],[2.943251,50.461008],[2.943251,50.461008],[2.921971,50.466599],[2.921971,50.466599],[2.902331,50.474233],[2.902331,50.474233],[2.884816,50.483724],[2.884816,50.483724],[2.869857,50.494839],[2.869857,50.494839],[2.857822,50.507305],[2.857822,50.507305],[2.849007,50.520817],[2.849007,50.520817],[2.84363,50.535042],[2.84363,50.535042],[2.841823,50.54963],[2.843056,50.56],[2.843056,50.56],[2.896111,50.607778],[2.970833,50.644722]]],[[[2.583056,50.789444],[2.848611,50.658333],[2.728333,50.561111],[2.728333,50.561111],[2.614444,50.468056],[2.356389,50.595556],[2.583056,50.789444]]],[[[1.700556,50.377778],[1.700556,50.377778],[1.873333,50.491667],[1.569444,50.679167],[1.563844,50.675491],[1.376603,50.552423],[1.376363,50.552264],[1.554442,50.437779],[1.554444,50.437778],[1.554444,50.437778],[1.560278,50.437778],[1.564217,50.440718],[1.564217,50.440718],[1.568896,50.443265],[1.568896,50.443265],[1.573279,50.444977],[1.574142,50.445314],[1.574142,50.445314],[1.579827,50.446816],[1.579827,50.446816],[1.58581,50.447731],[1.58581,50.447731],[1.591944,50.448039],[1.598079,50.447731],[1.598079,50.447731],[1.604062,50.446816],[1.604062,50.446816],[1.609747,50.445314],[1.609747,50.445314],[1.614993,50.443265],[1.614993,50.443265],[1.619672,50.440718],[1.619672,50.440718],[1.623669,50.437736],[1.623669,50.437736],[1.626884,50.434392],[1.626884,50.434392],[1.629238,50.43077],[1.629238,50.43077],[1.630675,50.426958],[1.630675,50.426958],[1.631158,50.423049],[1.631111,50.42],[1.700556,50.377778]]],[[[1.382778,49.351667],[1.375278,49.393333],[1.375278,49.393333],[1.368889,49.428333],[1.368889,49.428333],[1.368388,49.4322],[1.368388,49.4322],[1.36276,49.447456],[1.36276,49.447456],[1.353536,49.461954],[1.353536,49.461954],[1.340941,49.475339],[1.340941,49.475339],[1.325287,49.487279],[1.325287,49.487279],[1.306958,49.497479],[1.306958,49.497479],[1.286405,49.505686],[1.286405,49.505686],[1.264136,49.511699],[1.264136,49.511699],[1.240697,49.515367],[1.240697,49.515367],[1.216667,49.516599],[1.192636,49.515367],[1.192636,49.515367],[1.169198,49.511699],[1.169198,49.511699],[1.146928,49.505686],[1.146928,49.505686],[1.126376,49.497479],[1.126376,49.497479],[1.114167,49.490833],[1.007222,49.42],[1.007222,49.42],[0.993947,49.409784],[0.993947,49.409784],[0.981369,49.396399],[0.981369,49.396399],[0.972157,49.3819],[0.972157,49.3819],[0.966537,49.366645],[0.966537,49.366645],[0.964649,49.35101],[0.966537,49.335379],[0.966537,49.335379],[0.972157,49.320139],[0.972157,49.320139],[0.981369,49.305662],[0.981369,49.305662],[0.993947,49.292306],[0.993947,49.292306],[1.00958,49.280397],[1.00958,49.280397],[1.027885,49.270229],[1.027885,49.270229],[1.04841,49.26205],[1.04841,49.26205],[1.07065,49.25606],[1.07065,49.25606],[1.094057,49.252406],[1.094057,49.252406],[1.096389,49.252222],[1.219167,49.282778],[1.382778,49.351667]]],[[[2.566111,50.03],[2.566111,50.03],[2.574167,50.039722],[2.574167,50.039722],[2.578723,50.041408],[2.578723,50.041408],[2.597492,50.046417],[2.597492,50.046417],[2.617247,50.049473],[2.617247,50.049473],[2.626667,50.05],[2.626667,50.05],[2.719167,50.055],[2.719167,50.055],[2.729722,50.055222],[2.749977,50.054195],[2.749977,50.054195],[2.769734,50.051139],[2.769734,50.051139],[2.788506,50.04613],[2.788506,50.04613],[2.805829,50.039292],[2.805829,50.039292],[2.821279,50.030794],[2.821279,50.030794],[2.834474,50.020846],[2.834474,50.020846],[2.845091,50.009694],[2.845091,50.009694],[2.85133,50.0],[2.852866,49.997613],[2.852866,49.997613],[2.857609,49.984902],[2.857609,49.984902],[2.859203,49.971873],[2.857609,49.958847],[2.857609,49.958847],[2.852866,49.946145],[2.852866,49.946145],[2.845091,49.93408],[2.845091,49.93408],[2.834474,49.922948],[2.834474,49.922948],[2.821279,49.913023],[2.821279,49.913023],[2.805829,49.904547],[2.805829,49.904547],[2.788506,49.897729],[2.788506,49.897729],[2.769734,49.892736],[2.769734,49.892736],[2.749977,49.889691],[2.749977,49.889691],[2.739722,49.888889],[2.739722,49.888889],[2.688803,49.886274],[2.647778,49.884167],[2.647778,49.884167],[2.6375,49.883945],[2.617247,49.884969],[2.617247,49.884969],[2.597492,49.888014],[2.597492,49.888014],[2.578723,49.893007],[2.578723,49.893007],[2.561401,49.899825],[2.561401,49.899825],[2.545952,49.908301],[2.545952,49.908301],[2.532758,49.918226],[2.532758,49.918226],[2.522143,49.929358],[2.522143,49.929358],[2.514369,49.941423],[2.514369,49.941423],[2.509626,49.954125],[2.509626,49.954125],[2.508032,49.96715],[2.509626,49.980179],[2.509626,49.980179],[2.514369,49.992891],[2.514369,49.992891],[2.518943,50.0],[2.522143,50.004972],[2.522143,50.004972],[2.532758,50.016124],[2.532758,50.016124],[2.545952,50.026072],[2.545952,50.026072],[2.547222,50.026944],[2.566111,50.03]]]]}},
{"type":"Feature","properties":{"name":"Lille Frontier","lineStyle":{"color":[222,225,145],"width":2}},"geometry":{"type":"MultiLineString","coordinates":[[[2.521495,51.087388],[2.5218,51.087541],[2.537033,51.06461],[2.547059,51.020479],[2.55698,51.001177],[2.592741,50.976114],[2.60845,50.961128],[2.611654,50.941233],[2.605763,50.935238],[2.582715,50.920666],[2.576928,50.911519],[2.596668,50.867646],[2.595531,50.861134],[2.58778,50.850024],[2.586746,50.845425],[2.58995,50.842014],[2.602042,50.838087],[2.60659,50.834831],[2.615168,50.82217],[2.620439,50.816486],[2.623484,50.815628],[2.632437,50.816978]],[[2.632437,50.816978],[2.63515,50.812953],[2.655775,50.813467],[2.667575,50.819564],[2.669225,50.822722],[2.67505,50.819367],[2.678922,50.813444],[2.683896,50.813458],[2.710808,50.813536],[2.713106,50.815408],[2.725872,50.809056],[2.72095,50.802272],[2.725975,50.792333],[2.729411,50.792108],[2.728767,50.789933],[2.737161,50.782819],[2.738403,50.780353],[2.741017,50.781628],[2.752869,50.777469],[2.754842,50.774583],[2.761956,50.771022],[2.759169,50.766867],[2.756383,50.762711],[2.763114,50.762844],[2.763883,50.761308],[2.761483,50.759311],[2.766008,50.754558],[2.772767,50.755003],[2.778039,50.750553],[2.7829,50.751494],[2.783597,50.744225],[2.781594,50.743356],[2.787267,50.732517],[2.790283,50.731586],[2.790206,50.725739],[2.7949,50.725992],[2.794528,50.724919],[2.800356,50.723572],[2.81095,50.717467],[2.815567,50.717667],[2.819264,50.715594],[2.821687,50.717153],[2.822861,50.717908],[2.829656,50.719744],[2.839514,50.720553],[2.848028,50.723033],[2.858372,50.711011],[2.861483,50.708899],[2.8697,50.703322],[2.873114,50.704317],[2.879608,50.702881],[2.885242,50.706411],[2.889486,50.703464],[2.896081,50.696644]],[[2.896081,50.696644],[2.930188,50.736232],[2.948378,50.748686],[2.971425,50.757833],[3.023817,50.768262],[3.103304,50.784085],[3.129245,50.779072],[3.146195,50.768892],[3.162811,50.749939],[3.162823,50.749925],[3.176684,50.734114],[3.188983,50.715097],[3.196941,50.709206],[3.210997,50.707965],[3.224433,50.705175],[3.232391,50.695925],[3.260357,50.680004],[3.265278,50.676994],[3.252875,50.674206],[3.241183,50.668803],[3.242675,50.665906],[3.240108,50.658567],[3.246883,50.652244],[3.245089,50.651331],[3.248806,50.649675],[3.249411,50.647244],[3.244111,50.640669],[3.251961,50.635917],[3.252672,50.632853],[3.259103,50.629803],[3.257333,50.625897],[3.255234,50.622803],[3.255263,50.622699],[3.258906,50.621564],[3.257811,50.620447],[3.263739,50.617892],[3.263114,50.616653],[3.270064,50.611789],[3.272072,50.604764],[3.274767,50.604772],[3.273786,50.600681],[3.276006,50.600453],[3.274319,50.597033],[3.279506,50.595953],[3.276222,50.589864],[3.276533,50.581258],[3.280861,50.578547],[3.281522,50.572828],[3.278478,50.572833],[3.277789,50.564406],[3.285161,50.561672],[3.275917,50.558525],[3.278806,50.555497],[3.28095,50.555931],[3.282344,50.552136],[3.277956,50.551831],[3.280464,50.543511],[3.279137,50.539134],[3.279399,50.538216],[3.279444,50.538056],[3.273627,50.528972],[3.273627,50.528972],[3.271393,50.526658],[3.286755,50.514075],[3.299881,50.507461],[3.343599,50.49294],[3.361066,50.489787],[3.385354,50.491648],[3.429175,50.501828],[3.440417,50.507363],[3.442714,50.508494],[3.452636,50.514851],[3.454221,50.515515],[3.454025,50.518897],[3.470925,50.530722],[3.469564,50.532028],[3.474156,50.533692],[3.487749,50.529353],[3.498008,50.511853],[3.496458,50.503792],[3.494248,50.501265],[3.496131,50.49887],[3.496125,50.498864],[3.499411,50.494561],[3.497447,50.493203],[3.500628,50.486784],[3.500803,50.486784],[3.506683,50.48676],[3.515103,50.486726],[3.563741,50.486532],[3.586375,50.483483],[3.608286,50.476507],[3.62813,50.464363],[3.644356,50.445501],[3.652831,50.406847],[3.65333,50.377268],[3.658158,50.373306],[3.657103,50.369308],[3.658947,50.366861],[3.664542,50.365522],[3.667214,50.360892],[3.667192,50.3512],[3.664689,50.347667],[3.669336,50.346731],[3.669164,50.345261],[3.6774,50.3403],[3.672914,50.334819],[3.674547,50.332922],[3.677839,50.33295],[3.679481,50.329178],[3.685606,50.326483],[3.684878,50.324967],[3.688678,50.322764],[3.693872,50.321822],[3.692647,50.318794],[3.691614,50.318953],[3.692156,50.320114],[3.690575,50.320339],[3.689792,50.319006],[3.683997,50.320133],[3.695272,50.316109],[3.695277,50.316107],[3.694322,50.313464],[3.702033,50.310956],[3.707422,50.305888],[3.708435,50.306336],[3.711122,50.309333],[3.715463,50.317653],[3.733446,50.337239],[3.741508,50.34313],[3.755047,50.346334],[3.798662,50.348452],[3.84021,50.345197],[3.86088,50.338479],[3.878037,50.330779],[3.895917,50.325301],[3.918551,50.325456],[3.982113,50.342613],[4.0033,50.34406],[4.022731,50.338117],[4.055907,50.314553],[4.077198,50.306646],[4.097868,50.294812],[4.125257,50.25714],[4.143654,50.251611],[4.150992,50.256262],[4.149751,50.263135],[4.150268,50.269543],[4.162774,50.272953],[4.171766,50.270886],[4.185201,50.26546],[4.197604,50.258484],[4.203702,50.251973],[4.201325,50.241534],[4.191506,50.234299],[4.167942,50.222465],[4.157296,50.212698],[4.152749,50.204534],[4.147374,50.186343],[4.128151,50.146243],[4.125774,50.128156],[4.139933,50.123557],[4.15988,50.129396],[4.170629,50.130481],[4.180551,50.127226],[4.197397,50.084076],[4.203392,50.074671],[4.210316,50.066713],[4.210006,50.06015],[4.186028,50.05245],[4.162877,50.041805],[4.144584,50.030797],[4.137349,50.025061],[4.132285,50.017568],[4.128151,50.005786],[4.132905,50.004494],[4.138383,49.989198],[4.139623,49.974522],[4.132365,49.974946],[4.131665,49.974987],[4.187682,49.955505],[4.201118,49.953024],[4.215953,49.954408],[4.277599,49.960156],[4.427651,49.933572],[4.435109,49.93225],[4.464771,49.935609],[4.604194,49.980206],[4.645845,49.984495],[4.656697,49.989095],[4.665896,50.000515],[4.672924,50.01638],[4.680572,50.048316],[4.679538,50.055189],[4.675818,50.060201],[4.67344,50.066196],[4.676128,50.076066],[4.681915,50.083921],[4.788575,50.153374],[4.815551,50.161332],[4.820098,50.146449],[4.831364,50.1434],[4.862679,50.147586],[4.871878,50.139783],[4.870534,50.122265],[4.86516,50.101594],[4.862886,50.084076],[4.852137,50.091621],[4.84604,50.09069],[4.827229,50.064077],[4.826093,50.055034],[4.827643,50.046714],[4.826713,50.036017],[4.788265,49.974263],[4.783925,49.958295],[4.797257,49.944291],[4.844593,49.931734],[4.860199,49.913337],[4.861956,49.900314],[4.859372,49.891684],[4.854308,49.883313],[4.848934,49.871066],[4.845626,49.865846],[4.836738,49.859128],[4.834878,49.85303],[4.836945,49.848018],[4.846763,49.837528],[4.849244,49.831585],[4.849037,49.794171],[4.858029,49.786575],[4.884177,49.784146],[4.906604,49.786471],[4.950013,49.796393],[4.968371,49.796981],[4.970993,49.797065],[4.98908,49.790554],[5.026287,49.766731],[5.046234,49.759393],[5.081891,49.752727],[5.093776,49.745337],[5.136358,49.705339],[5.151241,49.695986],[5.169431,49.687201],[5.192478,49.682808],[5.237644,49.690973],[5.259244,49.691335],[5.280122,49.677899],[5.299449,49.662499],[5.306373,49.647513],[5.301826,49.643896],[5.293764,49.640537],[5.290664,49.626378],[5.293041,49.617179],[5.297898,49.613252],[5.314538,49.611133],[5.32167,49.61258],[5.326941,49.617644],[5.331178,49.623122],[5.334899,49.625809],[5.3411,49.625137],[5.352469,49.620693],[5.383475,49.613304],[5.391166,49.608817],[5.402078,49.602451],[5.450241,49.545762],[5.454375,49.536616],[5.454168,49.526177],[5.450964,49.516772],[5.44993,49.507832],[5.456132,49.498944],[5.477732,49.495223],[5.503674,49.505093],[5.528789,49.517961],[5.547599,49.523438],[5.578915,49.51393],[5.587493,49.512431],[5.602273,49.513723],[5.60558,49.517754],[5.607854,49.524937],[5.619739,49.53553],[5.644647,49.543799],[5.667178,49.54044],[5.688676,49.533515],[5.710276,49.531086],[5.722679,49.5346],[5.735598,49.545711],[5.746346,49.549431],[5.757095,49.548398],[5.779006,49.539613],[5.790685,49.537753],[5.822104,49.510519],[5.839571,49.499874],[5.864686,49.492174],[5.928144,49.482304],[5.946954,49.469953],[5.9607,49.441324],[5.978064,49.445097],[6.06333,49.448456],[6.078006,49.452021],[6.087721,49.461633],[6.099813,49.46463],[6.102087,49.470005],[6.101984,49.476413],[6.107255,49.48251],[6.114386,49.484371],[6.142601,49.486076],[6.13609,49.495275],[6.193554,49.499409],[6.221976,49.497445],[6.249365,49.490314],[6.251117,49.48946],[6.298768,49.466232],[6.325329,49.456724],[6.345307,49.455349]],[[6.345307,49.455349],[6.34538,49.462718],[6.342279,49.493001],[6.348809,49.52529],[6.350754,49.53491],[6.350754,49.566588],[6.356438,49.577595],[6.371528,49.592995],[6.397573,49.613872],[6.407701,49.627411],[6.415246,49.634646],[6.417933,49.639142],[6.417003,49.645756],[6.410905,49.649632],[6.404498,49.652474],[6.402741,49.655782],[6.418243,49.669889],[6.491727,49.700792],[6.489764,49.702962],[6.482942,49.708078],[6.486353,49.712936],[6.491004,49.714434],[6.499686,49.712212],[6.492554,49.718413],[6.4878,49.725596],[6.485526,49.733761],[6.48625,49.742701],[6.495965,49.748231],[6.496378,49.752106],[6.493691,49.756551],[6.493794,49.76363],[6.498549,49.785386],[6.499996,49.786058],[6.500099,49.794481],[6.502269,49.795876],[6.502579,49.79567],[6.497205,49.799442],[6.493278,49.799597],[6.462478,49.805488],[6.414523,49.805488],[6.397056,49.808589],[6.380106,49.815565],[6.351374,49.83329],[6.334424,49.840215],[6.325639,49.84037],[6.310653,49.834479],[6.302592,49.834944],[6.301558,49.838303],[6.295568,49.848616],[6.291533,49.855563],[6.286779,49.86104],[6.272206,49.867138],[6.238306,49.876905],[6.2227,49.887137],[6.189834,49.938297],[6.172677,49.956228],[6.161928,49.942482],[6.15397,49.951216],[6.138777,49.979328],[6.121517,49.996278],[6.117177,50.004391],[6.119967,50.015501],[6.113766,50.036378],[6.107255,50.044595],[6.096403,50.048626],[6.105704,50.060305],[6.109425,50.06356],[6.107151,50.063767],[6.101157,50.063405],[6.0994,50.064129],[6.105704,50.092241],[6.110562,50.105987],[6.117487,50.120456],[6.126582,50.127329],[6.129476,50.134047],[6.125962,50.140196],[6.115833,50.145467],[6.118003,50.150377],[6.121311,50.16159],[6.123171,50.164898],[6.131749,50.168308],[6.151696,50.169342],[6.159138,50.172443],[6.165132,50.181899],[6.165752,50.193165],[6.160171,50.204534],[6.146839,50.214042],[6.157174,50.222724],[6.179808,50.233007],[6.189627,50.242722],[6.210401,50.249027],[6.253396,50.256778],[6.271792,50.267424],[6.267348,50.276416],[6.269415,50.286492],[6.27603,50.296104],[6.285952,50.303856],[6.299491,50.308868],[6.310653,50.308248],[6.322022,50.305406],[6.335458,50.303856],[6.362019,50.306956],[6.374525,50.315483],[6.3734,50.32308],[6.372458,50.329436],[6.337732,50.368089],[6.336388,50.379923],[6.343313,50.393308],[6.350444,50.416872],[6.351167,50.433564],[6.347343,50.436974],[6.340212,50.437853],[6.331634,50.446896],[6.326156,50.457025],[6.323262,50.466016],[6.325743,50.474026],[6.336905,50.481003],[6.318715,50.481674],[6.27541,50.48803],[6.260114,50.492681],[6.25784,50.494077],[6.255566,50.494593],[6.253086,50.494077],[6.250915,50.492681],[6.217119,50.486015],[6.207197,50.486325],[6.199239,50.490408],[6.19066,50.501828],[6.182599,50.506582],[6.190557,50.515212],[6.178878,50.515781],[6.170817,50.517951],[6.169473,50.522499],[6.177328,50.530198],[6.160688,50.543583],[6.179085,50.561979],[6.210608,50.578671],[6.232932,50.587146],[6.232932,50.590763],[6.244301,50.599548],[6.251329,50.608437],[6.249055,50.614431],[6.180015,50.615516],[6.159448,50.622389],[6.147769,50.636755],[6.161102,50.642181],[6.100227,50.701299],[6.081003,50.713495],[6.064363,50.714477],[6.024779,50.707552],[6.01155,50.708534],[6.007623,50.716905],[6.011343,50.727447],[6.010826,50.737059],[5.994187,50.742589],[5.99274,50.744449],[5.992636,50.746258],[5.993256,50.748066],[5.99491,50.749927]],[[6.126582,50.127329],[6.118655,50.121339],[6.117487,50.120456],[6.102604,50.124745],[6.10033,50.132652],[6.101467,50.142108],[6.097126,50.151307],[6.084207,50.159317],[6.076456,50.158645],[6.070048,50.154201],[6.061366,50.150738],[6.038628,50.148413],[6.027363,50.149447],[6.022967,50.15082],[6.014134,50.153581],[6.008036,50.160919],[6.004729,50.170479],[5.998321,50.174975],[5.982921,50.167068],[5.96163,50.165621],[5.953156,50.156371],[5.949021,50.142677],[5.941063,50.128311],[5.92618,50.118337],[5.888973,50.106607],[5.872437,50.096892],[5.86882,50.090535],[5.866856,50.074309],[5.864375,50.067488],[5.858278,50.061803],[5.843705,50.053638],[5.83771,50.047437],[5.838847,50.035862],[5.838847,50.026457],[5.836367,50.01855],[5.829132,50.013589],[5.808875,50.007801],[5.802674,50.002479],[5.801537,49.988681],[5.808565,49.9831],[5.812596,49.977571],[5.80164,49.963825],[5.793372,49.958812],[5.778593,49.95659],[5.771565,49.953541],[5.76371,49.946823],[5.759989,49.941604],[5.757612,49.93654],[5.753581,49.930183],[5.718958,49.891374],[5.714927,49.881866],[5.726709,49.878197],[5.748827,49.867293],[5.758129,49.858198],[5.731877,49.859955],[5.73198,49.854167],[5.730533,49.85117],[5.728673,49.848845],[5.726916,49.845227],[5.736528,49.83944],[5.724642,49.834272],[5.720198,49.824712],[5.721645,49.812775],[5.727743,49.800217],[5.738285,49.788848],[5.748414,49.785644],[5.759162,49.784456],[5.771875,49.779392],[5.778489,49.773035],[5.802054,49.742856],[5.803604,49.738154],[5.805774,49.724201],[5.805361,49.721876],[5.811769,49.718517],[5.825721,49.715778],[5.831716,49.713607],[5.837297,49.712936],[5.843705,49.714331],[5.850216,49.714021],[5.856004,49.708078],[5.856403,49.705807],[5.857347,49.70043],[5.853627,49.696296],[5.848769,49.69273],[5.847219,49.687201],[5.846702,49.68069],[5.843705,49.677486],[5.842258,49.67392],[5.845772,49.666582],[5.852593,49.663223],[5.872644,49.661724],[5.879878,49.657745],[5.885459,49.643534],[5.879878,49.634853],[5.869957,49.628858],[5.861998,49.62276],[5.849183,49.599713],[5.841224,49.589687],[5.829959,49.582763],[5.846909,49.576717],[5.8374,49.56111],[5.814456,49.545142],[5.790685,49.537753],[5.822104,49.510519]],[[6.010826,50.737059],[5.994187,50.742589],[5.99274,50.744449],[5.992636,50.746258],[5.993256,50.748066],[5.99491,50.749927],[5.997081,50.762949],[5.990569,50.769047],[5.980647,50.773439],[5.972999,50.781811],[5.968762,50.794627],[5.983955,50.792198],[5.998321,50.800725],[6.003592,50.81261],[6.001421,50.821809],[6.000491,50.830439],[6.009276,50.840464],[6.023022,50.845425],[6.045553,50.844184],[6.056715,50.852659],[6.062813,50.862943],[6.063123,50.870901],[6.054648,50.891468],[6.056508,50.898083],[6.061779,50.903509],[6.063743,50.90754],[6.031084,50.914723],[6.007519,50.924076],[5.999871,50.929399],[5.997287,50.937357],[5.99584,50.951775],[5.999664,50.960095],[6.005762,50.968518],[6.003695,50.973737],[5.967832,50.970998],[5.94158,50.976476],[5.927731,50.977665],[5.914192,50.975236],[5.88825,50.967123],[5.874607,50.965366],[5.873574,50.990584],[5.858174,51.019342],[5.85249,51.042751],[5.880498,51.052053],[5.894348,51.047144],[5.906233,51.037403],[5.919566,51.029703],[5.937963,51.030943],[5.950262,51.03947],[5.969485,51.06492],[5.982921,51.074687],[6.075422,51.120369],[6.132369,51.139825],[6.147252,51.152254],[6.126272,51.164578],[6.149113,51.176335],[6.157071,51.179254],[6.134126,51.184215],[6.08431,51.162692],[6.060849,51.170909],[6.053718,51.189383],[6.056612,51.211707],[6.06519,51.231629],[6.075422,51.242661],[6.096506,51.25881],[6.147769,51.318161],[6.158208,51.324594],[6.183632,51.335705],[6.193554,51.344516],[6.198929,51.35697],[6.202029,51.378881],[6.207817,51.387666],[6.192727,51.398957],[6.194071,51.417379],[6.201719,51.438644],[6.205337,51.458436],[6.200479,51.476575],[6.193348,51.509338],[6.15304,51.538431],[6.086481,51.595534],[6.08214,51.607807],[6.087514,51.622096],[6.099193,51.644472],[6.031497,51.662998],[6.008553,51.681188],[6.021989,51.709506],[6.012067,51.715863],[5.989742,51.726379],[5.97827,51.729789],[5.949228,51.729376],[5.939306,51.731882],[5.940133,51.742631],[5.946056,51.746288],[5.962354,51.756351],[5.964111,51.776556],[5.950778,51.795909],[5.928041,51.806736],[5.931451,51.81565],[5.948091,51.822962],[5.988916,51.827458],[6.008243,51.832574],[6.028913,51.842108],[6.043279,51.846862],[6.084,51.853658],[6.116453,51.848283],[6.140018,51.844537],[6.156141,51.842056]],[[5.99491,50.749927],[5.974756,50.74755],[5.902203,50.749048],[5.891321,50.75124],[5.891288,50.751246],[5.879878,50.753544],[5.793165,50.752149],[5.782933,50.756696],[5.76247,50.771011],[5.752444,50.773439],[5.743556,50.769099],[5.732777,50.758851],[5.727846,50.754164],[5.717408,50.752821],[5.706556,50.754216],[5.688366,50.76083],[5.698701,50.783775],[5.700458,50.795557],[5.684852,50.798503],[5.663251,50.805065],[5.657432,50.807641],[5.64072,50.815039],[5.624493,50.830284],[5.622323,50.852659],[5.694463,50.903664],[5.706039,50.90661],[5.717614,50.909245],[5.722369,50.911674],[5.735288,50.923973],[5.752548,50.947227],[5.76402,50.959423],[5.754305,50.963092],[5.744693,50.963247],[5.722369,50.959423],[5.761746,50.999162],[5.777559,51.023553],[5.76402,51.035181],[5.766397,51.048436],[5.771461,51.058125],[5.779626,51.061303],[5.791305,51.054998],[5.79885,51.061484],[5.804327,51.068589],[5.811769,51.082309],[5.808978,51.08634],[5.807428,51.089389],[5.804948,51.096624],[5.815903,51.095875],[5.826652,51.096908],[5.83678,51.099492],[5.845979,51.103393],[5.823241,51.118741],[5.826445,51.130162],[5.840501,51.138921],[5.83802,51.143727],[5.829132,51.156465],[5.812079,51.157318],[5.781383,51.152409],[5.768051,51.159462],[5.747173,51.177601],[5.730844,51.18375],[5.718028,51.184603],[5.67617,51.179177],[5.659013,51.179074],[5.648161,51.183957],[5.638549,51.190907],[5.62501,51.196902],[5.568373,51.207651],[5.551407,51.216767],[5.545532,51.219924],[5.542328,51.242661],[5.535197,51.26204],[5.516696,51.277233],[5.493235,51.286535],[5.471635,51.288085],[5.451894,51.282116],[5.409933,51.263539],[5.389056,51.258707],[5.270717,51.261833],[5.239456,51.25693],[5.232993,51.255916],[5.215423,51.258733],[5.214906,51.294338],[5.197336,51.308342],[5.178836,51.309505],[5.140182,51.307386],[5.122922,51.313381],[5.118064,51.319918],[5.107832,51.341984],[5.102561,51.350665],[5.068145,51.37454],[5.061737,51.384255],[5.065251,51.405907],[5.076413,51.421901],[5.079927,51.438541],[5.06029,51.461976],[5.030318,51.47443],[5.027527,51.476807],[5.012128,51.474327],[5.006133,51.468307],[5.002723,51.459005],[4.995798,51.446706],[4.980192,51.430531],[4.957144,51.410997],[4.931926,51.395624],[4.910325,51.391903],[4.871671,51.403039],[4.853274,51.40614],[4.783304,51.407638],[4.762117,51.413375],[4.767802,51.425389],[4.779067,51.426423],[4.822682,51.413685],[4.815447,51.431074],[4.819891,51.446215],[4.826093,51.460555],[4.823922,51.475645],[4.813587,51.48412],[4.796844,51.491018],[4.778654,51.495359],[4.764184,51.496238],[4.731215,51.485618],[4.653907,51.426216],[4.643571,51.42141],[4.630136,51.418206],[4.614633,51.41756],[4.582697,51.422599],[4.553861,51.419291],[4.540632,51.420067],[4.521512,51.428645],[4.523372,51.438412],[4.531847,51.450866],[4.533191,51.467583],[4.525232,51.475929],[4.512623,51.477376],[4.483064,51.474327],[4.429424,51.461976],[4.377128,51.442882],[4.38922,51.434588],[4.387153,51.427456],[4.380642,51.419653],[4.379918,51.409525],[4.38767,51.400533],[4.410097,51.38379],[4.416195,51.373971],[4.411234,51.356737],[4.392217,51.350407],[4.345605,51.352293],[4.326278,51.356427],[4.290105,51.368752],[4.281124,51.368947],[4.261068,51.369379],[4.261078,51.369371],[4.275645,51.3581]],[[2.501944,49.716667],[2.602778,49.471389],[2.708889,49.510556],[2.743889,49.635278],[2.782778,49.674167],[2.668611,49.716667],[2.501944,49.716667]],[[3.65333,50.377268],[3.614444,50.409167],[3.484444,50.3425],[3.415278,50.206111],[3.695277,50.316107]],[[2.589722,50.386944],[2.560556,50.350278],[2.777222,50.3175],[2.884722,50.344722],[2.589722,50.386944]]]}},
{"type":"Feature","properties":{"name":"Lille Outline Dash","lineStyle":{"color":[155,155,155],"width":1,"dashArray":[2.0,2.0]}},"geometry":{"type":"MultiLineString","coordinates":[[[1.218333,49.769722],[1.255556,49.834444],[1.579722,49.841111],[2.158056,49.837778],[3.437222,49.818889]],[[3.043611,50.119444],[3.558333,50.0]],[[2.782778,49.674167],[2.894444,49.783333],[3.413611,49.783333],[3.631111,49.783333],[3.660278,49.748333],[3.765556,49.556111],[3.8825,49.256667],[3.860833,49.241944],[3.196944,49.1525],[2.885278,49.27],[2.529722,49.260556],[2.516944,49.260833]],[[2.130452,51.059374],[2.141957,51.059082],[2.153237,51.057633],[2.164,51.055065],[2.173967,51.051443],[2.182879,51.046863],[2.190506,51.041443],[2.196649,51.035324],[2.198082,51.033204],[2.20115,51.028664],[2.203892,51.021636],[2.204807,51.014422],[2.20387,51.00721],[2.201108,51.000185],[2.196592,50.99353],[2.190439,50.987417],[2.18281,50.982004],[2.173903,50.977431],[2.163947,50.973815],[2.1532,50.971252],[2.14194,50.969805],[2.130458,50.969514],[2.11905,50.970386],[2.108011,50.972397],[2.097626,50.975497],[2.088163,50.979604],[2.079868,50.984614],[2.072955,50.990396],[2.067603,50.9968],[2.063952,51.003662],[2.062096,51.010804],[2.062091,51.014222],[2.062085,51.018041],[2.06392,51.025185],[2.067553,51.032051],[2.072893,51.038461],[2.079799,51.04425],[2.088096,51.049266],[2.097566,51.05338],[2.107965,51.056485],[2.119023,51.0585],[2.130452,51.059374]],[[1.189075,50.014263],[1.199892,50.016279],[1.211071,50.017152],[1.222324,50.01686],[1.233358,50.015411],[1.243886,50.012843],[1.253635,50.009222],[1.259258,50.006268],[1.262353,50.004642],[1.269813,49.999222],[1.275822,49.993102],[1.280225,49.986442],[1.282908,49.979415],[1.283803,49.972201],[1.282888,49.964988],[1.280186,49.957964],[1.275768,49.951309],[1.26975,49.945196],[1.262288,49.939782],[1.253574,49.935209],[1.243836,49.931594],[1.233323,49.92903],[1.222308,49.927583],[1.211076,49.927292],[1.199917,49.928164],[1.189119,49.930175],[1.17896,49.933275],[1.169704,49.937383],[1.16159,49.942392],[1.154828,49.948174],[1.149593,49.954579],[1.148831,49.956044],[1.146021,49.961441],[1.144207,49.968583],[1.144196,49.975819],[1.145991,49.982963],[1.149546,49.989829],[1.154769,49.99624],[1.161525,50.002028],[1.16964,50.007045],[1.178903,50.011159],[1.189075,50.014263]],[[0.60042,49.820797],[0.600556,49.820833],[0.617298,49.826327],[0.633269,49.831569],[0.706389,49.855556],[0.706389,49.855556],[0.706557,49.855557],[0.706757,49.86045],[0.706132,49.865327],[0.704689,49.870132],[0.702445,49.874808],[0.701933,49.875569],[0.699427,49.879298],[0.695669,49.883552],[0.691217,49.887517],[0.686122,49.891147],[0.680445,49.894399],[0.674253,49.897234],[0.667618,49.89962],[0.660621,49.901527],[0.653343,49.902933],[0.645871,49.903822],[0.638293,49.904182],[0.630699,49.904011],[0.623179,49.903308],[0.615822,49.902084],[0.608715,49.900353],[0.601943,49.898134],[0.595585,49.895455],[0.589718,49.892346],[0.584409,49.888846],[0.579722,49.884994],[0.575712,49.880838],[0.572427,49.876425],[0.569905,49.871809],[0.568175,49.867044],[0.56795,49.865852],[0.567259,49.862185],[0.567166,49.857292],[0.567897,49.85242],[0.569444,49.847629],[0.570466,49.8456],[0.571788,49.842974],[0.574901,49.838511],[0.578746,49.834292],[0.583278,49.830366],[0.588442,49.826781],[0.594179,49.823579],[0.60042,49.820797]],[[0.540312,49.521835],[0.551378,49.522708],[0.562516,49.522416],[0.573438,49.520967],[0.58386,49.518399],[0.59351,49.514778],[0.602139,49.510198],[0.609524,49.504778],[0.615472,49.498659],[0.61983,49.491999],[0.622487,49.484971],[0.623373,49.477757],[0.622467,49.470545],[0.619792,49.46352],[0.61542,49.456865],[0.609463,49.450752],[0.602076,49.445338],[0.593451,49.440765],[0.58381,49.43715],[0.573404,49.434586],[0.562501,49.433139],[0.551383,49.432848],[0.540336,49.43372],[0.529647,49.435731],[0.519592,49.438831],[0.510429,49.442939],[0.502397,49.447948],[0.495704,49.45373],[0.490522,49.460135],[0.486987,49.466997],[0.485191,49.474139],[0.48518,49.481376],[0.486792,49.487857],[0.486957,49.48852],[0.488596,49.491718],[0.490476,49.495386],[0.495646,49.501796],[0.502334,49.507584],[0.510367,49.512601],[0.519536,49.516715],[0.529605,49.519819],[0.540312,49.521835]],[[2.507062,49.279756],[2.51318,49.280241],[2.519338,49.280079],[2.524495,49.279392],[2.525377,49.279274],[2.531139,49.277848],[2.536475,49.275837],[2.541247,49.273293],[2.545332,49.270282],[2.548623,49.266883],[2.551035,49.263184],[2.551805,49.261142],[2.552507,49.259279],[2.552999,49.255272],[2.5525,49.251264],[2.551024,49.247361],[2.548607,49.243663],[2.545313,49.240266],[2.541228,49.237257],[2.536457,49.234715],[2.531124,49.232706],[2.525366,49.231281],[2.519333,49.230477],[2.513182,49.230315],[2.507069,49.230799],[2.501155,49.231918],[2.495592,49.23364],[2.490523,49.235923],[2.486081,49.238708],[2.482379,49.241921],[2.479515,49.24548],[2.477562,49.249293],[2.47657,49.253261],[2.476567,49.257282],[2.477553,49.261251],[2.477775,49.261687],[2.479501,49.265065],[2.482362,49.268626],[2.486061,49.271841],[2.490504,49.274628],[2.495575,49.276912],[2.501142,49.278637],[2.507062,49.279756]],[[3.341962,50.633108],[3.367877,50.633862],[3.405205,50.600523],[3.38238,50.58558],[3.330311,50.59509],[3.322228,50.602636]],[[3.322228,50.602636],[3.327806,50.597429],[3.330311,50.59509],[3.38238,50.58558],[3.405205,50.600523],[3.367877,50.633862],[3.341962,50.633108]]]}},
{"type":"Feature","properties":{"name":"Lille Outline Solid","lineStyle":{"color":[155,155,155],"width":1}},"geometry":{"type":"MultiLineString","coordinates":[[[0.616667,49.833333],[1.4,49.75],[1.536111,49.751667],[1.590833,49.738611],[1.527222,49.679167],[1.519167,49.595556],[1.550833,49.560556],[1.641389,49.502778],[1.458333,49.383333],[1.219167,49.282778],[0.850833,49.190556],[0.609444,49.185556],[0.666389,49.278056],[0.616667,49.833333]],[[0.850833,49.190556],[0.770833,49.308333],[0.755556,49.4],[0.774167,49.4525],[1.058056,49.6475],[1.349167,49.711667],[1.527222,49.679167]],[[1.382778,49.351667],[1.375278,49.393333],[1.486944,49.536389],[1.368333,49.605],[1.307645,49.578073],[1.13,49.499167],[1.126376,49.497479],[1.114167,49.490833],[1.007222,49.42],[0.994444,49.41],[0.992585,49.408335],[0.851944,49.282222],[0.851708,49.262737],[0.850833,49.190556]],[[1.25,50.633333],[1.376363,50.552264],[1.472732,50.490344],[1.554442,50.437779],[1.554444,50.437778],[1.554444,50.437778],[1.560278,50.437778],[1.569379,50.437778],[1.601667,50.437778],[1.700126,50.378039],[1.700556,50.377778],[1.700556,50.377778],[1.791667,50.333333],[1.870834,50.383359],[1.95,50.433333],[1.933333,50.55],[1.733333,50.683333],[1.614049,50.723113],[1.577519,50.735289],[1.483333,50.766667],[1.47375,50.761199],[1.25,50.633333]],[[1.591111,50.868889],[1.615625,50.842782],[1.650556,50.805556],[1.750556,50.748889],[2.157128,50.81871],[2.2375,50.8325],[2.398889,50.970278],[2.327778,51.03],[2.29901,51.054063],[2.284583,51.066125],[2.241389,51.102222],[2.0,51.116667],[1.824167,51.078611],[1.604298,50.880781],[1.591111,50.868889]],[[2.611944,50.813889],[2.632437,50.816978],[2.804444,50.843889],[2.921389,50.717222],[2.896081,50.696644],[2.8925,50.693889],[2.828333,50.703333],[2.611944,50.813889]],[[2.611944,50.813889],[2.325278,50.652222],[2.269444,50.503889],[2.297222,50.430556],[2.589722,50.386944],[2.668333,50.485833],[2.728333,50.561111],[2.728333,50.561111],[2.743528,50.573404],[2.848541,50.658368],[2.848564,50.658387],[2.848584,50.658403],[2.8925,50.693889]],[[2.297222,50.430556],[2.283333,50.391667],[2.560556,50.350278],[2.589722,50.386944]],[[2.560556,50.350278],[2.777222,50.3175],[2.884722,50.344722],[2.589722,50.386944]],[[2.884722,50.344722],[3.103558,50.335],[3.341111,50.324444],[3.469471,50.389657],[3.523201,50.416929],[3.573611,50.4425]],[[3.49,50.506667],[3.405,50.463333],[3.328056,50.424167],[3.086111,50.414167],[2.823889,50.403333],[2.668333,50.485833]],[[3.086111,50.414167],[3.103558,50.335],[3.107778,50.315833],[3.434444,50.279444],[3.475,50.383333],[3.469471,50.389657],[3.405,50.463333]],[[2.848611,50.658333],[2.848541,50.658368],[2.848564,50.658387],[2.84858,50.6584],[2.848584,50.658403],[2.907222,50.643056],[3.058889,50.650556],[3.111944,50.658056],[3.225,50.678333]],[[2.8925,50.693889],[3.07,50.67],[3.225,50.678333],[3.260302,50.680035],[3.260337,50.680037],[3.423611,50.6875],[3.473611,50.669167],[3.487778,50.529444],[3.487794,50.529276],[3.49,50.506667]],[[3.49,50.506667],[3.494248,50.501265],[3.496131,50.49887],[3.496125,50.498864],[3.499411,50.494561],[3.497447,50.493203],[3.500628,50.486784],[3.500803,50.486784],[3.500803,50.486784],[3.506683,50.48676],[3.524814,50.474774],[3.573611,50.4425]],[[3.573611,50.4425],[3.614444,50.409167],[3.658158,50.373306],[3.657103,50.369308],[3.658947,50.366861],[3.664542,50.365522],[3.667214,50.360892],[3.667192,50.3512],[3.664689,50.347667],[3.669336,50.346731],[3.669164,50.345261],[3.6774,50.3403],[3.672914,50.334819],[3.674547,50.332922],[3.677839,50.33295],[3.679481,50.329178],[3.685606,50.326483],[3.684878,50.324967],[3.688678,50.322764],[3.693872,50.321822],[3.692647,50.318794],[3.691614,50.318953],[3.692156,50.320114],[3.690575,50.320339],[3.689792,50.319006],[3.683997,50.320133],[3.695272,50.316109],[3.695277,50.316107],[3.694322,50.313464],[3.702033,50.310956],[3.707422,50.305888],[3.71025,50.303228],[3.720031,50.305017],[3.715436,50.306483],[3.716765,50.30826],[3.716667,50.308333],[3.718364,50.308333],[3.74,50.308333],[4.000278,50.160556],[3.779444,50.0],[3.116667,50.0],[3.160556,49.877222],[3.078333,49.849167],[2.832222,49.849167],[2.668611,49.716667],[2.501944,49.716667],[2.375,49.716667],[2.238889,49.941944],[2.344722,50.077778],[2.359722,50.097222],[2.525,50.305556],[2.560556,50.350278]],[[2.525,50.305556],[2.776944,50.214722],[3.415278,50.206111],[3.674835,50.308086],[3.695277,50.316107],[3.694322,50.313464]],[[3.415278,50.206111],[3.484444,50.3425],[3.614444,50.409167]],[[2.359722,50.097222],[2.344722,50.077778],[2.361667,50.046389],[2.488056,50.0],[3.116667,50.0],[3.092222,50.0675],[3.043611,50.119444],[2.359722,50.097222]],[[1.590833,49.738611],[1.716667,49.723889],[1.716667,49.723889],[1.778611,49.716667],[2.065,49.716667],[2.065,49.716667],[2.375,49.716667]],[[2.782778,49.674167],[2.743889,49.635278],[2.708889,49.510556],[2.602778,49.471389],[2.516944,49.260833]],[[3.558333,50.0],[3.413611,49.783333]],[[2.283889,50.0],[1.388056,50.0],[0.821389,50.421389]],[[0.821389,50.421389],[0.135,50.153889],[0.616667,49.833333]],[[2.521821,51.087551],[2.241389,51.102222],[2.0,51.116667],[1.824167,51.078611],[1.466667,51.0],[1.466667,50.666667],[0.821389,50.421389]],[[3.779444,50.0],[4.134938,50.0]],[[2.238889,49.941944],[2.065,49.716667]],[[2.517524,49.260821],[2.1725,49.268333],[1.8525,49.41],[1.723056,49.375278],[1.613056,49.380278],[1.606444,49.455444],[1.641389,49.502778]],[[2.668611,49.716667],[2.780508,49.675012]],[[1.778611,49.716667],[1.67005,49.547529],[1.641389,49.502778]],[[1.723486,49.630856],[1.576841,49.725542],[1.590833,49.738611],[1.576841,49.725542]],[[1.801836,49.711791],[2.016667,49.666667],[2.602778,49.471389],[2.501944,49.716667]],[[2.602778,49.471389],[2.498623,49.433561],[2.243723,49.340861],[2.165833,49.3125],[2.055833,49.32]],[[2.243723,49.340861],[1.941111,49.433889],[1.8525,49.41],[1.753056,49.453889],[1.766667,49.4875],[1.641389,49.502778]],[[1.663499,49.537305],[2.498623,49.433561]],[[1.801836,49.711791],[1.778611,49.716667]],[[1.604828,50.881049],[1.613455,50.883368],[1.634288,50.884589],[1.653331,50.889106],[1.670177,50.900092],[1.699067,50.925605],[1.729828,50.943915],[1.921397,50.996772],[1.939301,50.994452],[1.973481,51.007148],[2.062091,51.014222],[2.134044,51.019965],[2.198082,51.033204],[2.29901,51.054063]],[[1.577519,50.735289],[1.567638,50.716742],[1.562673,50.698961],[1.563162,50.67829],[1.573578,50.635565],[1.577891,50.588609],[1.583344,50.574693],[1.610362,50.548163],[1.579275,50.533149],[1.574229,50.492377],[1.573497,50.44538],[1.569379,50.437778]],[[4.208093,50.042667],[4.201465,50.021574],[4.185015,50.002821],[4.160352,49.988248],[4.129891,49.979285],[4.096613,49.976813],[4.063776,49.981075],[4.034595,49.991652],[4.011925,50.007505],[3.997986,50.027078],[3.994142,50.048452],[4.000769,50.069533],[4.01722,50.08826],[4.041883,50.102803],[4.072344,50.111743],[4.105621,50.114208],[4.138458,50.109958],[4.16764,50.099407],[4.19031,50.083584],[4.204249,50.064034],[4.208093,50.042667]],[[0.609444,49.185556],[0.591667,49.144722],[0.720556,48.639444],[0.779444,48.486389],[1.106111,48.652778],[1.374164,48.688008],[1.425278,48.705831],[1.419167,48.917222],[1.495278,49.101111],[1.472917,49.226806],[1.468056,49.2525],[1.570556,49.299972],[1.613056,49.380278],[1.606444,49.455444],[1.641389,49.502778]],[[1.382778,49.351667],[1.468056,49.2525]]]}},
{"type":"Feature","properties":{"name":"Lille Zone","lineStyle":{"color":[130,159,192],"width":1,"dashArray":[2.0,2.0]}},"geometry":{"type":"MultiLineString","coordinates":[[[3.981526,50.216868],[4.167942,50.222465],[4.157296,50.212698],[4.152749,50.204534],[4.147374,50.186343],[4.128151,50.146243],[4.125774,50.128156],[4.139933,50.123557],[4.15988,50.129396],[4.170629,50.130481],[4.180551,50.127226],[4.197397,50.084076],[4.203392,50.074671],[4.210316,50.066713],[4.210006,50.06015],[4.205224,50.058614],[4.186028,50.05245],[4.162877,50.041805],[4.144584,50.030797],[4.137349,50.025061],[4.132285,50.017568],[4.128151,50.005786],[4.132905,50.004494],[4.134514,50.0],[4.138383,49.989198],[4.138383,49.989198],[4.138383,49.989198],[4.138383,49.989198]],[[3.981526,50.216868],[3.981452,50.211742],[3.981517,50.206615],[3.981721,50.20149],[3.982063,50.196367],[3.982545,50.191248],[3.983166,50.186135],[3.983925,50.181029],[3.984822,50.175931],[3.985858,50.170844],[3.987031,50.165768],[3.988342,50.160706],[3.989789,50.155658],[3.991374,50.150627],[3.993094,50.145614],[3.99495,50.14062],[3.996941,50.135647],[3.999066,50.130696],[4.001325,50.125769],[4.003717,50.120868],[4.006241,50.115993],[4.008897,50.111147],[4.011684,50.10633],[4.014601,50.101545],[4.017647,50.096793],[4.020821,50.092075],[4.024122,50.087392],[4.02755,50.082746],[4.031103,50.078139],[4.034779,50.073572],[4.038579,50.069046],[4.042501,50.064562],[4.046543,50.060123],[4.050705,50.055729],[4.054985,50.051381],[4.059382,50.047082],[4.063894,50.042831],[4.068521,50.038632],[4.07326,50.034484],[4.078111,50.030389],[4.083072,50.026349],[4.088142,50.022364],[4.093318,50.018436],[4.098599,50.014566],[4.103985,50.010755],[4.109472,50.007005],[4.11506,50.003316],[4.120747,49.99969],[4.126531,49.996127],[4.13241,49.99263],[4.138383,49.989198]]]}},
{"type":"Feature","properties":{"name":"Lille ECL","lineStyle":{"color":[255,255,255],"width":1},"activation":{"activeRunways":{"LFQQ":{"arr":["08"]}}}},"geometry":{"type":"MultiLineString","coordinates":[[[3.083017,50.562881],[2.825722,50.525917]],[[2.927552,50.549337],[2.932783,50.533471]],[[2.871078,50.532435],[2.849568,50.54012]],[[2.871078,50.532435],[2.860267,50.518583]]]}},
{"type":"Feature","properties":{"name":"Lille ECL","lineStyle":{"color":[255,255,255],"width":1},"activation":{"activeRunways":{"LFQQ":{"arr":["26"]}}}},"geometry":{"type":"MultiLineString","coordinates":[[[3.1181,50.567872],[3.368333,50.603139]],[[3.183972,50.583618],[3.189203,50.570029]],[[3.232356,50.590788],[3.237111,50.579693]],[[3.288075,50.591831],[3.299165,50.603315]],[[3.288075,50.591831],[3.305466,50.583995]]]}},
{"type":"Feature","properties":{"name":"Lille ECL","lineStyle":{"color":[255,255,255],"width":1},"activation":{"activeRunways":{"LFQT":{"arr":["22"]}}}},"geometry":{"type":"MultiLineString","coordinates":[[[2.650156,50.624953],[2.805556,50.753444]],[[2.763318,50.718555],[2.758983,50.735544]],[[2.763318,50.718555],[2.795938,50.7199]]]}},
{"type":"Feature","properties":{"name":"Lille ECL","lineStyle":{"color":[255,255,255],"width":1},"activation":{"activeRunways":{"LFQT":{"arr":["04"]}}}},"geometry":{"type":"MultiLineString","coordinates":[[[2.634856,50.612253],[2.468683,50.469956]],[[2.537157,50.539516],[2.556653,50.532262]],[[2.510453,50.505765],[2.510052,50.490684]],[[2.510453,50.505765],[2.48485,50.503388]]]}},
{"type":"Feature","properties":{"name":"Lille FIX","pointStyle":{"type":"triangle_hollow","color":[169,169,169]}},"geometry":{"type":"MultiPoint","coordinates":[[1.517722,49.984861],[1.626111,49.924167],[1.685278,49.863056],[2.449778,49.956861],[2.755278,49.826111],[2.84,49.9125],[2.925556,50.0],[3.243333,50.0],[3.318056,49.808333],[3.447222,49.901944],[3.914167,50.098333],[3.43,50.37],[1.741806,50.883167],[1.968333,50.851667],[1.917472,50.822028],[1.403611,50.649639],[4.291111,49.881667],[3.965,49.796389],[3.891667,49.783333],[2.757417,50.516028],[2.790833,50.401444],[3.351472,50.651917],[3.368333,50.603139],[3.401889,50.505556],[3.364722,50.393333],[2.7465,50.704694],[2.805556,50.753444],[2.411278,50.425722],[2.593972,50.441361],[2.386528,50.542389],[2.663306,50.74525],[2.145389,51.085472],[2.183583,51.041722],[2.253889,50.992056],[2.373611,51.0325],[1.791361,50.910389],[1.744083,50.943389],[1.968333,50.851667],[1.824528,50.395278],[1.8965,50.443472],[1.403611,50.649639],[1.329806,50.600083],[1.477528,50.699167],[2.449778,49.956861],[2.451111,49.917778],[2.459722,49.882194],[2.40625,50.01725],[2.365222,49.952111],[3.019861,49.987083],[3.007611,50.083167],[1.384472,49.538972],[1.280639,49.465639],[1.250139,49.616167],[1.480139,49.48375],[0.932889,49.259528],[0.933333,49.194722],[0.807778,49.286389],[2.845556,50.443444],[2.816667,50.524611],[2.787694,50.605778],[2.969444,50.419722]]}},
{"type":"Feature","properties":{"name":"DVL","pointStyle":{"type":"vor","color":[169,169,169]}},"geometry":{"type":"MultiPoint","coordinates":[[0.312722,49.31075]]}},
{"type":"Feature","properties":{"name":"LGL","pointStyle":{"type":"vor_dme","color":[169,169,169]}},"geometry":{"type":"MultiPoint","coordinates":[[0.530278,48.790611]]}},
{"type":"Feature","properties":{"name":"EVX","pointStyle":{"type":"tacan","color":[169,169,169]}},"geometry":{"type":"MultiPoint","coordinates":[[1.214056,49.028528]]}},
{"type":"Feature","properties":{"name":"ROU","pointStyle":{"type":"vor","color":[169,169,169]}},"geometry":{"type":"MultiPoint","coordinates":[[1.280639,49.465639]]}},
{"type":"Feature","properties":{"name":"BV","pointStyle":{"type":"ndb","color":[169,169,169]}},"geometry":{"type":"MultiPoint","coordinates":[[2.029528,49.491694]]}},
{"type":"Feature","properties":{"name":"BOV","pointStyle":{"type":"vor_dme","color":[169,169,169]}},"geometry":{"type":"MultiPoint","coordinates":[[2.153194,49.436361]]}},
{"type":"Feature","properties":{"name":"GI","pointStyle":{"type":"ndb","color":[169,169,169]}},"geometry":{"type":"MultiPoint","coordinates":[[2.484278,49.842139]]}},
{"type":"Feature","properties":{"name":"ABY","pointStyle":{"type":"ndb","color":[169,169,169]}},"geometry":{"type":"MultiPoint","coordinates":[[2.809417,49.97625]]}},
{"type":"Feature","properties":{"name":"ABB","pointStyle":{"type":"dme","color":[169,169,169]}},"geometry":{"type":"MultiPoint","coordinates":[[1.854694,50.135139]]}},
{"type":"Feature","properties":{"name":"BNE","pointStyle":{"type":"vor","color":[169,169,169]}},"geometry":{"type":"MultiPoint","coordinates":[[1.907111,50.624778]]}},
{"type":"Feature","properties":{"name":"MVC","pointStyle":{"type":"ndb","color":[169,169,169]}},"geometry":{"type":"MultiPoint","coordinates":[[2.587222,50.571556]]}},
{"type":"Feature","properties":{"name":"MRV","pointStyle":{"type":"ndb","color":[169,169,169]}},"geometry":{"type":"MultiPoint","coordinates":[[2.706111,50.671333]]}},
{"type":"Feature","properties":{"name":"LEQ","pointStyle":{"type":"vor_dme","color":[169,169,169]}},"geometry":{"type":"MultiPoint","coordinates":[[3.089167,50.561778]]}},
{"type":"Feature","properties":{"name":"CMB","pointStyle":{"type":"vor_dme","color":[169,169,169]}},"geometry":{"type":"MultiPoint","coordinates":[[3.1515,50.228139]]}},
{"type":"Feature","properties":{"name":"REM","pointStyle":{"type":"vor","color":[169,169,169]}},"geometry":{"type":"MultiPoint","coordinates":[[4.045361,49.311639]]}},
{"type":"Feature","properties":{"name":"BFS","pointStyle":{"type":"tacan","color":[169,169,169]}},"geometry":{"type":"MultiPoint","coordinates":[[4.65325,50.241417]]}},
{"type":"Feature","properties":{"name":"GOS","pointStyle":{"type":"vor_dme","color":[169,169,169]}},"geometry":{"type":"MultiPoint","coordinates":[[4.481278,50.466861]]}},
{"type":"Feature","properties":{"name":"CIV","pointStyle":{"type":"vortac","color":[169,169,169]}},"geometry":{"type":"MultiPoint","coordinates":[[3.832778,50.573889]]}},
{"type":"Feature","properties":{"name":"KOK","pointStyle":{"type":"vortac","color":[169,169,169]}},"geometry":{"type":"MultiPoint","coordinates":[[2.651667,51.094722]]}}
]}