{"type":"FeatureCollection","features":[
{"type":"Feature","properties":{"name":"EGA Paris Background","fillStyle":{"color":[115,115,115],"opacity":1.0},"lineStyle":{"color":[115,115,115],"width":1}},"geometry":{"type":"MultiPolygon","coordinates":[[[[-22.403854,58.194856],[24.577826,58.194856],[24.577826,27.612118],[-22.472742,27.612118],[-22.403854,58.194856]]]]}},
{"type":"Feature","properties":{"name":"Paris-BVA AoR","fillStyle":{"color":[101,101,101],"opacity":1.0},"lineStyle":{"color":[101,101,101],"width":1}},"geometry":{"type":"MultiPolygon","coordinates":[[[[1.641389,49.502778],[1.550833,49.560556],[1.519167,49.595556],[1.527222,49.679167],[1.576942,49.725556],[1.590831,49.738611],[1.778611,49.716667],[2.668611,49.716667],[2.782778,49.674167],[2.743889,49.635278],[2.708889,49.510556],[2.602778,49.471389],[2.516944,49.260833],[2.1725,49.268333],[1.8525,49.41],[1.723056,49.375278],[1.613053,49.380278],[1.641389,49.502778]]]]}},
{"type":"Feature","properties":{"name":"EGA Paris AoR","fillStyle":{"color":[107,107,107],"opacity":1.0},"lineStyle":{"color":[115,115,115],"width":1}},"geometry":{"type":"MultiPolygon","coordinates":[[[[1.663333,49.536944],[1.975547,49.499041],[2.5,49.433333],[2.602778,49.471389],[2.645345,49.48712],[2.708889,49.510556],[2.743889,49.635278],[2.782778,49.674167],[2.976389,49.6025],[3.105833,49.611944],[3.236389,49.666667],[3.351619,49.689043],[3.484722,49.714722],[3.632222,49.45],[3.683056,49.268611],[3.719724,49.223298],[3.739444,49.198889],[3.738889,49.158333],[3.661667,49.105833],[3.660338,49.002752],[3.656944,48.736667],[3.656389,48.700556],[3.73,48.683889],[3.781667,48.672222],[3.853056,48.639444],[3.81,48.600278],[3.637778,48.456944],[3.522481,48.388742],[3.424411,48.330494],[3.088275,48.131434],[3.048611,48.107778],[2.906667,48.273611],[1.897222,48.297222],[1.780982,48.131275],[1.752778,48.090833],[1.726944,48.06],[1.709167,48.049444],[1.619167,48.023056],[1.459722,48.131389],[1.393138,48.323946],[1.380513,48.360284],[1.327222,48.513056],[1.286111,48.657222],[1.374164,48.688009],[1.425278,48.705833],[1.419167,48.917222],[1.495278,49.101111],[1.488611,49.138611],[1.468056,49.2525],[1.570556,49.3],[1.613056,49.380278],[1.606389,49.455556],[1.663333,49.536944]]]]}},
{"type":"Feature","properties":{"zoomin":9,"name":"EGA Paris AoR","fillStyle":{"color":[115,115,115],"opacity":1.0},"lineStyle":{"color":[115,115,115],"width":1}},"geometry":{"type":"MultiPolygon","coordinates":[[[[1.663333,49.536944],[1.975547,49.499041],[2.5,49.433333],[2.602778,49.471389],[2.645345,49.48712],[2.708889,49.510556],[2.743889,49.635278],[2.782778,49.674167],[2.976389,49.6025],[3.105833,49.611944],[3.236389,49.666667],[3.351619,49.689043],[3.484722,49.714722],[3.632222,49.45],[3.683056,49.268611],[3.719724,49.223298],[3.739444,49.198889],[3.738889,49.158333],[3.661667,49.105833],[3.660338,49.002752],[3.656944,48.736667],[3.656389,48.700556],[3.73,48.683889],[3.781667,48.672222],[3.853056,48.639444],[3.81,48.600278],[3.637778,48.456944],[3.522481,48.388742],[3.424411,48.330494],[3.088275,48.131434],[3.048611,48.107778],[2.906667,48.273611],[1.897222,48.297222],[1.780982,48.131275],[1.752778,48.090833],[1.726944,48.06],[1.709167,48.049444],[1.619167,48.023056],[1.459722,48.131389],[1.393138,48.323946],[1.380513,48.360284],[1.327222,48.513056],[1.286111,48.657222],[1.374164,48.688009],[1.425278,48.705833],[1.419167,48.917222],[1.495278,49.101111],[1.488611,49.138611],[1.468056,49.2525],[1.570556,49.3],[1.613056,49.380278],[1.606389,49.455556],[1.663333,49.536944]]]]}},
{"type":"Feature","properties":{"zoomin":9,"name":"Paris CTR","fillStyle":{"color":[107,107,107],"opacity":1.0},"lineStyle":{"color":[107,107,107],"width":1}},"geometry":{"type":"MultiPolygon","coordinates":[[[[2.321111,49.103611],[2.077778,48.911111],[2.100556,48.809722],[2.089444,48.797222],[2.080556,48.786944],[2.080556,48.761667],[2.117222,48.758333],[2.149167,48.764722],[2.151667,48.755556],[2.159722,48.729167],[2.165833,48.708333],[2.115833,48.661111],[2.121389,48.609444],[2.268056,48.570833],[2.370833,48.571389],[2.488889,48.618889],[2.618889,48.698611],[2.611944,48.800556],[2.581389,48.790556],[2.581389,48.790556],[2.581166,48.790478],[2.580137,48.791081],[2.579129,48.791699],[2.578141,48.792331],[2.577174,48.792976],[2.576229,48.793636],[2.575305,48.794309],[2.574404,48.794995],[2.573526,48.795693],[2.572671,48.796404],[2.57184,48.797127],[2.571033,48.797862],[2.57025,48.798608],[2.569492,48.799366],[2.568759,48.800134],[2.568052,48.800912],[2.56737,48.8017],[2.566715,48.802498],[2.566086,48.803305],[2.565484,48.80412],[2.564909,48.804944],[2.564361,48.805777],[2.56384,48.806616],[2.563348,48.807464],[2.562884,48.808317],[2.562447,48.809178],[2.56204,48.810044],[2.561661,48.810916],[2.561311,48.811793],[2.56099,48.812675],[2.560698,48.813562],[2.560435,48.814452],[2.560202,48.815346],[2.559999,48.816243],[2.559825,48.817143],[2.559681,48.818045],[2.559566,48.818949],[2.559482,48.819854],[2.559427,48.820761],[2.559402,48.821668],[2.559444,48.821667],[2.555278,48.896389],[2.555223,48.896389],[2.555299,48.898539],[2.555586,48.900681],[2.556082,48.902807],[2.556784,48.904907],[2.55769,48.906973],[2.558797,48.908996],[2.560098,48.910969],[2.561591,48.912883],[2.563267,48.914729],[2.56512,48.916502],[2.567143,48.918192],[2.569327,48.919793],[2.571663,48.921299],[2.574142,48.922702],[2.576753,48.923999],[2.579486,48.925182],[2.582328,48.926248],[2.585269,48.927191],[2.588297,48.928008],[2.591398,48.928695],[2.59456,48.929251],[2.597769,48.929671],[2.601014,48.929955],[2.604279,48.930102],[2.607552,48.93011],[2.610819,48.92998],[2.614066,48.929712],[2.617281,48.929308],[2.620449,48.928769],[2.623558,48.928097],[2.626595,48.927295],[2.629547,48.926367],[2.632402,48.925316],[2.635148,48.924146],[2.637774,48.922863],[2.64027,48.921472],[2.642623,48.919978],[2.644826,48.918388],[2.646869,48.916708],[2.646667,48.916667],[2.786111,48.938056],[2.786108,48.938025],[2.786705,48.93908],[2.787357,48.940122],[2.788061,48.941148],[2.788819,48.942159],[2.789628,48.943152],[2.790487,48.944126],[2.791397,48.945081],[2.792355,48.946015],[2.79336,48.946927],[2.794412,48.947816],[2.795509,48.948681],[2.796651,48.949522],[2.797835,48.950337],[2.79906,48.951125],[2.800325,48.951885],[2.801629,48.952616],[2.802969,48.953319],[2.804345,48.953991],[2.805755,48.954632],[2.807198,48.955241],[2.80867,48.955818],[2.810172,48.956362],[2.811701,48.956872],[2.813255,48.957348],[2.814833,48.957789],[2.816433,48.958195],[2.818053,48.958565],[2.819691,48.958899],[2.821345,48.959196],[2.823014,48.959457],[2.824695,48.95968],[2.826387,48.959865],[2.828087,48.960013],[2.829794,48.960123],[2.831506,48.960195],[2.83322,48.960229],[2.834935,48.960225],[2.836649,48.960183],[2.838342,48.960103],[2.841389,48.993889],[2.696667,49.11],[2.321111,49.103611]]]]}},
{"type":"Feature","properties":{"zoomin":9,"name":"Paris-LBG APP","fillStyle":{"color":[107,107,107],"opacity":1.0},"lineStyle":{"color":[107,107,107],"width":1}},"geometry":{"type":"MultiPolygon","coordinates":[[[[1.899167,49.389444],[2.055833,49.32],[2.1725,49.268333],[2.241389,49.265556],[2.477778,49.261667],[2.476914,49.259178],[2.476444,49.255269],[2.476914,49.251361],[2.478317,49.24755],[2.480617,49.243931],[2.483753,49.240589],[2.487656,49.237608],[2.492222,49.235064],[2.494444,49.234167],[2.465,49.203331],[2.271111,49.2075],[2.314472,49.140822],[2.197222,49.121111],[2.000556,48.990278],[2.000444,48.984897],[1.998531,48.890764],[1.757053,48.953325],[1.752656,48.973433],[1.742222,49.021111],[1.899167,49.389444]]]]}},
{"type":"Feature","properties":{"zoomin":9,"name":"Prison Villepinte","pointStyle":{"type":"point","color":[41,36,35]}},"geometry":{"type":"MultiPoint","coordinates":[[2.548124,48.964842]]}},
{"type":"Feature","properties":{"zoomin":9,"name":"CGN","pointStyle":{"type":"dme","color":[41,36,35]}},"geometry":{"type":"MultiPoint","coordinates":[[2.500111,49.019917]]}},
{"type":"Feature","properties":{"zoomin":9,"name":"PGS","pointStyle":{"type":"dme","color":[41,36,35]}},"geometry":{"type":"MultiPoint","coordinates":[[2.623806,48.999472]]}},
{"type":"Feature","properties":{"zoomin":9,"name":"Prison Villepinte","lineStyle":{"color":[41,36,35],"width":2}},"geometry":{"type":"MultiLineString","coordinates":[[[2.563291,48.965157],[2.563028,48.963965],[2.562539,48.962804],[2.561832,48.961692],[2.560919,48.960647],[2.559813,48.959686],[2.558533,48.958823],[2.557098,48.958072],[2.555531,48.957446],[2.553857,48.956953],[2.552101,48.956602],[2.550293,48.956398],[2.54846,48.956344],[2.546631,48.956442],[2.544836,48.95669],[2.543102,48.957083],[2.541456,48.957616],[2.539925,48.95828],[2.538534,48.959065],[2.537302,48.959958],[2.536252,48.960946],[2.535397,48.962012],[2.534754,48.96314],[2.53433,48.964312],[2.534134,48.96551],[2.534168,48.966714],[2.534431,48.967906],[2.53492,48.969067],[2.535627,48.970178],[2.53654,48.971223],[2.537646,48.972184],[2.538926,48.973047],[2.540361,48.973797],[2.541928,48.974424],[2.543603,48.974916],[2.545358,48.975267],[2.547166,48.975471],[2.548999,48.975524],[2.550828,48.975427],[2.552623,48.975179],[2.554357,48.974786],[2.556003,48.974253],[2.557534,48.973589],[2.558925,48.972805],[2.560157,48.971912],[2.561207,48.970924],[2.562062,48.969858],[2.562705,48.968731],[2.563129,48.967559],[2.563325,48.966361],[2.563291,48.965157]]]}},
{"type":"Feature","properties":{"name":"Paris VPE ILS 26L","fillStyle":{"color":[115,115,115],"opacity":1.0},"lineStyle":{"color":[115,115,115],"width":1},"activation":{"activeRunways":{"LFPG":{"arr":["26L"]}}}},"geometry":{"type":"MultiPolygon","coordinates":[[[[2.62485,48.998155],[2.625356,48.994005],[2.827194,48.998958],[2.825386,49.014205],[2.62485,48.998155]]]]}},
{"type":"Feature","properties":{"name":"Paris VPE ILS 27R","fillStyle":{"color":[115,115,115],"opacity":1.0},"lineStyle":{"color":[115,115,115],"width":1},"activation":{"activeRunways":{"LFPG":{"arr":["27R"]}}}},"geometry":{"type":"MultiPolygon","coordinates":[[[[2.584253,49.029989],[2.584764,49.025839],[2.856508,49.032516],[2.854256,49.051597],[2.584253,49.029989]]]]}},
{"type":"Feature","properties":{"name":"Paris VPE DEP 26R","fillStyle":{"color":[115,115,115],"opacity":1.0},"lineStyle":{"color":[115,115,115],"width":1},"activation":{"activeRunways":{"LFPG":{"dep":["26R"]}}}},"geometry":{"type":"MultiPolygon","coordinates":[[[[2.585394,48.999639],[2.529819,48.999855],[2.515998,49.000972],[2.502391,49.002958],[2.48912,49.00576],[2.476299,49.009353],[2.465256,49.013389],[2.398214,49.008413],[2.419239,49.000205],[2.345377,49.00038],[2.345665,48.984039],[2.349453,48.968561],[2.426111,48.977266],[2.5386,48.987877],[2.585859,48.994005],[2.578281,48.994391],[2.585936,48.995247],[2.585394,48.999639]]]]}},
{"type":"Feature","properties":{"name":"Paris VPE DEP 27L","fillStyle":{"color":[115,115,115],"opacity":1.0},"lineStyle":{"color":[115,115,115],"width":1},"activation":{"activeRunways":{"LFPG":{"dep":["27L"]}}}},"geometry":{"type":"MultiPolygon","coordinates":[[[[2.345403,49.002394],[2.398214,49.008413],[2.491031,49.015302],[2.54575,49.022427],[2.522578,49.022877],[2.54533,49.025816],[2.476931,49.027189],[2.452728,49.025872],[2.448878,49.027309],[2.445227,49.028962],[2.442566,49.030416],[2.433347,49.03753],[2.431499,49.039516],[2.430051,49.041647],[2.428909,49.043858],[2.428082,49.046128],[2.427577,49.048438],[2.4274,49.050769],[2.427551,49.0531],[2.428028,49.055413],[2.428829,49.057687],[2.429947,49.059903],[2.431371,49.062042],[2.433216,49.064041],[2.374769,49.081672],[2.363515,49.065987],[2.35525,49.049824],[2.350117,49.033466],[2.360497,49.03138],[2.363864,49.02805],[2.367831,49.025033],[2.372194,49.022263],[2.376994,49.019847],[2.348458,49.026988],[2.345403,49.002394]]]]}},
{"type":"Feature","properties":{"name":"Paris-Orly VPE ILS 25","fillStyle":{"color":[115,115,115],"opacity":1.0},"lineStyle":{"color":[115,115,115],"width":1},"activation":{"activeRunways":{"LFPO":{"arr":["25"]}}}},"geometry":{"type":"MultiPolygon","coordinates":[[[[2.425894,48.73398],[2.427569,48.729966],[2.597361,48.75608],[2.617125,48.759102],[2.611117,48.773508],[2.425894,48.73398]]]]}},
{"type":"Feature","properties":{"name":"Paris-Orly VPE DEP 24","fillStyle":{"color":[115,115,115],"opacity":1.0},"lineStyle":{"color":[115,115,115],"width":1},"activation":{"activeRunways":{"LFPO":{"dep":["24"]}}}},"geometry":{"type":"MultiPolygon","coordinates":[[[[2.346283,48.730361],[2.304214,48.711172],[2.30325,48.710627],[2.293081,48.704886],[2.283056,48.699222],[2.233975,48.671469],[2.230855,48.669695],[2.228116,48.667669],[2.225666,48.665488],[2.223525,48.663169],[2.221711,48.660732],[2.220239,48.658196],[2.219353,48.655555],[2.206676,48.669274],[2.197175,48.684405],[2.27645,48.711883],[2.277397,48.712211],[2.288239,48.715072],[2.300092,48.718197],[2.346283,48.730361]]]]}},
{"type":"Feature","properties":{"name":"Paris VPE ILS 09L","fillStyle":{"color":[115,115,115],"opacity":1.0},"lineStyle":{"color":[115,115,115],"width":1},"activation":{"activeRunways":{"LFPG":{"arr":["09L"]}}}},"geometry":{"type":"MultiPolygon","coordinates":[[[[2.304739,49.020141],[2.306652,49.00528],[2.500294,49.021302],[2.499778,49.025452],[2.304739,49.020141]]]]}},
{"type":"Feature","properties":{"name":"Paris VPE ILS 08R","fillStyle":{"color":[115,115,115],"opacity":1.0},"lineStyle":{"color":[115,115,115],"width":1},"activation":{"activeRunways":{"LFPG":{"arr":["08R"]}}}},"geometry":{"type":"MultiPolygon","coordinates":[[[[2.266986,48.986147],[2.538283,48.993533],[2.5388,48.989386],[2.269452,48.967086],[2.266986,48.986147]]]]}},
{"type":"Feature","properties":{"name":"Paris VPE DEP 09R","fillStyle":{"color":[115,115,115],"opacity":1.0},"lineStyle":{"color":[115,115,115],"width":1},"activation":{"activeRunways":{"LFPG":{"dep":["09R"]}}}},"geometry":{"type":"MultiPolygon","coordinates":[[[[2.529614,49.019824],[2.701036,49.019172],[2.714531,49.019111],[2.71098,49.025379],[2.706254,49.031353],[2.700579,49.03696],[2.693944,49.04213],[2.678033,49.040669],[2.608411,49.034249],[2.54125,49.025597],[2.5492,49.025436],[2.529197,49.023183],[2.529614,49.019824]]]]}},
{"type":"Feature","properties":{"name":"Paris VPE DEP 08L","fillStyle":{"color":[115,115,115],"opacity":1.0},"lineStyle":{"color":[115,115,115],"width":1},"activation":{"activeRunways":{"LFPG":{"dep":["08L"]}}}},"geometry":{"type":"MultiPolygon","coordinates":[[[[2.738919,49.012413],[2.740436,49.00563],[2.740569,48.998891],[2.734358,48.998925],[2.72788,48.997736],[2.706247,48.993766],[2.630375,48.992777],[2.582005,48.993789],[2.596002,48.996011],[2.569092,48.996558],[2.637047,49.005277],[2.663258,49.006661],[2.700139,49.012483],[2.722161,49.010455],[2.738919,49.012413]]]]}},
{"type":"Feature","properties":{"name":"Paris-Orly VPE DEP 07","fillStyle":{"color":[115,115,115],"opacity":1.0},"lineStyle":{"color":[115,115,115],"width":1},"activation":{"activeRunways":{"LFPO":{"dep":["07"]}}}},"geometry":{"type":"MultiPolygon","coordinates":[[[[2.374294,48.722305],[2.449347,48.730299],[2.460894,48.731525],[2.55,48.733452],[2.549344,48.742788],[2.546603,48.752191],[2.513972,48.747664],[2.508202,48.748853],[2.502285,48.749694],[2.496274,48.750165],[2.490222,48.750262],[2.484183,48.749983],[2.478211,48.749331],[2.472358,48.748312],[2.466681,48.746947],[2.446783,48.74165],[2.374294,48.722305]]]]}},
{"type":"Feature","properties":{"name":"Paris-Orly VPE ILS 06","fillStyle":{"color":[115,115,115],"opacity":1.0},"lineStyle":{"color":[115,115,115],"width":1},"activation":{"activeRunways":{"LFPO":{"arr":["06"]}}}},"geometry":{"type":"MultiPolygon","coordinates":[[[[2.295625,48.714791],[2.2986,48.711122],[2.144583,48.650755],[2.127172,48.643911],[2.116289,48.657305],[2.295625,48.714791]]]]}},
{"type":"Feature","properties":{"name":"Coastline","lineStyle":{"color":[11,11,11],"width":1}},"geometry":{"type":"MultiLineString","coordinates":[[[3.541352,51.416734],[3.525727,51.415595],[3.510916,51.407945],[3.349457,51.37523],[3.348969,51.375149],[3.124848,51.329657],[2.923595,51.246487],[2.715668,51.169501],[2.579926,51.104804],[2.542003,51.096869],[2.521821,51.087551],[2.521495,51.087388],[2.506684,51.080756],[2.466075,51.068793],[2.384451,51.055325],[2.324474,51.059882],[2.316091,51.059027],[2.305512,51.055406],[2.134044,51.019965],[1.973481,51.007148],[1.939301,50.994452],[1.921397,50.996772],[1.729828,50.943915],[1.699067,50.925605],[1.670177,50.900092],[1.653331,50.889106],[1.634288,50.884589],[1.613455,50.883368],[1.604828,50.881049],[1.580577,50.868801],[1.580821,50.863715],[1.583181,50.849799],[1.599294,50.812934],[1.605642,50.790025],[1.600108,50.770982],[1.588715,50.756293],[1.567638,50.716742],[1.562673,50.698961],[1.563162,50.67829],[1.573578,50.635565],[1.577891,50.588609],[1.583344,50.574693],[1.610362,50.548163],[1.579275,50.533149],[1.574229,50.492377],[1.573497,50.44538],[1.555186,50.411566],[1.555186,50.404771],[1.610362,50.376899],[1.610362,50.370673],[1.594981,50.372667],[1.572032,50.375678],[1.551524,50.349066],[1.543142,50.310004],[1.541515,50.277899],[1.551117,50.26968],[1.593923,50.256293],[1.603526,50.243476],[1.610037,50.232245],[1.625499,50.224311],[1.645681,50.220038],[1.66505,50.219794],[1.66505,50.212388],[1.644542,50.212388],[1.650076,50.204779],[1.655284,50.200507],[1.661957,50.19892],[1.672537,50.199368],[1.672537,50.192532],[1.664073,50.187079],[1.654307,50.186591],[1.555349,50.217719],[1.521007,50.214667],[1.486827,50.185045],[1.464529,50.132148],[1.455821,50.123603],[1.444102,50.117255],[1.391287,50.075181],[1.260997,50.007514],[1.221202,49.97899],[1.196951,49.973578],[1.172618,49.961005],[0.760916,49.875067],[0.674815,49.8758],[0.59669,49.857245],[0.557384,49.839789],[0.522797,49.832953],[0.397634,49.784369],[0.387462,49.775051],[0.256847,49.735907],[0.246755,49.729438],[0.23585,49.729315],[0.185883,49.703192],[0.170909,49.691636],[0.13087,49.603502],[0.079682,49.542182],[0.076589,49.53498],[0.075369,49.524075],[0.078624,49.51553],[0.092784,49.509263],[0.095958,49.503241],[0.104421,49.493598],[0.12436,49.485785],[0.147309,49.480943],[0.164806,49.479967],[0.185313,49.479967],[0.256847,49.464057],[0.33961,49.456732],[0.42213,49.464423],[0.493175,49.493598],[0.476573,49.478664],[0.457286,49.467434],[0.411306,49.452053],[0.286876,49.433621],[0.162364,49.415188],[0.095958,49.383734],[0.071951,49.35928],[0.06308,49.354478],[0.040294,49.350409],[0.012869,49.334621],[-0.000294,49.330517],[-0.033844,49.320054],[-0.194081,49.295233],[-0.219472,49.280097],[-0.3131,49.317328],[-0.363433,49.325019],[-0.393625,49.338039],[-0.411122,49.34276],[-0.479482,49.34276],[-0.522532,49.355292],[-0.546946,49.358954],[-0.583363,49.345893],[-0.607981,49.347398],[-0.650787,49.355862],[-0.822133,49.362698],[-0.940419,49.392279],[-1.072255,49.396796],[-1.089589,49.391547],[-1.106353,49.379462],[-1.113759,49.36579],[-1.103424,49.355862],[-1.103424,49.349026],[-1.122874,49.345445],[-1.133453,49.349514],[-1.141021,49.356676],[-1.151723,49.362698],[-1.163075,49.361518],[-1.173818,49.357001],[-1.181996,49.356187],[-1.18517,49.3664],[-1.183258,49.369452],[-1.1787,49.374579],[-1.174224,49.382392],[-1.172231,49.393378],[-1.175689,49.415229],[-1.185292,49.430365],[-1.261586,49.49315],[-1.276519,49.520738],[-1.293609,49.538398],[-1.306264,49.558092],[-1.301422,49.581773],[-1.294993,49.586819],[-1.286204,49.588935],[-1.264027,49.58926],[-1.259999,49.593451],[-1.257558,49.602851],[-1.253326,49.61225],[-1.227773,49.624091],[-1.232249,49.641425],[-1.25414,49.67178],[-1.259104,49.6883],[-1.263051,49.695502],[-1.271148,49.698432],[-1.391265,49.712714],[-1.409495,49.711575],[-1.455719,49.702216],[-1.470123,49.695054],[-1.49592,49.672187],[-1.511464,49.662543],[-1.528432,49.657457],[-1.540395,49.657782],[-1.561187,49.663031],[-1.572865,49.664293],[-1.58373,49.662055],[-1.59732,49.652289],[-1.606679,49.650051],[-1.613922,49.652248],[-1.616363,49.65705],[-1.616689,49.662014],[-1.617177,49.664293],[-1.633046,49.66352],[-1.707753,49.680162],[-1.773997,49.686713],[-1.79601,49.691636],[-1.800893,49.692084],[-1.811838,49.690741],[-1.816477,49.691636],[-1.820953,49.696357],[-1.824615,49.708441],[-1.829457,49.712714],[-1.839426,49.715399],[-1.867299,49.712714],[-1.87914,49.71483],[-1.898997,49.72427],[-1.908355,49.726386],[-1.935211,49.724107],[-1.939565,49.716457],[-1.937652,49.701565],[-1.945627,49.677965],[-1.901601,49.665839],[-1.869496,49.661689],[-1.860585,49.654771],[-1.855051,49.645087],[-1.846913,49.633938],[-1.839508,49.619778],[-1.839223,49.603176],[-1.843739,49.571845],[-1.850168,49.561713],[-1.878407,49.544867],[-1.884674,49.530911],[-1.879465,49.52497],[-1.853586,49.504299],[-1.843739,49.493598],[-1.84024,49.485826],[-1.839508,49.480658],[-1.838206,49.475816],[-1.823598,49.458482],[-1.819407,49.452053],[-1.816477,49.445217],[-1.815785,49.430854],[-1.819569,49.396796],[-1.816477,49.383734],[-1.806793,49.376858],[-1.795074,49.377631],[-1.78189,49.381537],[-1.767974,49.383734],[-1.771108,49.37995],[-1.772857,49.377021],[-1.775502,49.370103],[-1.755727,49.362454],[-1.733266,49.346259],[-1.714752,49.338528],[-1.706654,49.355862],[-1.699127,49.355862],[-1.686187,49.335354],[-1.686187,49.329169],[-1.706654,49.329169],[-1.699086,49.313544],[-1.68692,49.302436],[-1.658193,49.287543],[-1.662587,49.286038],[-1.665395,49.284613],[-1.671864,49.280097],[-1.657094,49.268378],[-1.640533,49.231513],[-1.624664,49.219306],[-1.616851,49.238227],[-1.595286,49.23786],[-1.569569,49.229682],[-1.548411,49.225491],[-1.548411,49.219306],[-1.584462,49.226264],[-1.602651,49.225409],[-1.610422,49.215888],[-1.608795,49.197821],[-1.604482,49.178209],[-1.597768,49.159369],[-1.589345,49.143541],[-1.584218,49.148424],[-1.581776,49.149848],[-1.569488,49.143541],[-1.589019,49.134589],[-1.595937,49.128485],[-1.602935,49.115627],[-1.607737,49.102729],[-1.608754,49.091498],[-1.603424,49.08397],[-1.589345,49.082099],[-1.593739,49.071967],[-1.595937,49.061265],[-1.59675,49.037421],[-1.593577,49.028998],[-1.586537,49.018988],[-1.579457,49.01317],[-1.576324,49.017279],[-1.56843,49.03266],[-1.549713,49.039781],[-1.527252,49.039781],[-1.507965,49.033677],[-1.507965,49.027533],[-1.532338,49.035142],[-1.545766,49.030341],[-1.552235,49.015448],[-1.563059,48.957587],[-1.55899,48.951809],[-1.547027,48.949693],[-1.541982,48.944078],[-1.542795,48.935248],[-1.548411,48.923814],[-1.557037,48.932318],[-1.56371,48.922105],[-1.571848,48.874213],[-1.578521,48.862616],[-1.589101,48.853583],[-1.602935,48.849351],[-1.602935,48.841946],[-1.578847,48.837836],[-1.566762,48.82217],[-1.562571,48.798489],[-1.562082,48.770819],[-1.553619,48.747138],[-1.516469,48.725165],[-1.507965,48.701606],[-1.502675,48.695502],[-1.490224,48.690131],[-1.4558,48.683417],[-1.45051,48.679511],[-1.447092,48.673896],[-1.445953,48.667467],[-1.443267,48.662828],[-1.437734,48.664455],[-1.433013,48.66828],[-1.432851,48.6706],[-1.394602,48.66828],[-1.372304,48.66059],[-1.356557,48.643256],[-1.393137,48.652411],[-1.500559,48.636461],[-1.579701,48.643256],[-1.58967,48.641791],[-1.595693,48.640937],[-1.643951,48.62344],[-1.722808,48.615302],[-1.79601,48.615912],[-1.838206,48.623765],[-1.860951,48.640855],[-1.861195,48.664211],[-1.836334,48.691107],[-1.843577,48.698147],[-1.846913,48.703437],[-1.846669,48.707831],[-1.843739,48.712144],[-1.945627,48.698554],[-1.939361,48.691107],[-1.976959,48.691107],[-1.985911,48.687893],[-1.987701,48.680854],[-1.987701,48.673774],[-1.991119,48.6706],[-2.006581,48.667629],[-2.018137,48.660346],[-2.025543,48.651313],[-2.028717,48.643256],[-2.019032,48.631049],[-2.000478,48.601304],[-1.991119,48.595445],[-1.979807,48.59512],[-1.96939,48.59276],[-1.960357,48.586615],[-1.952952,48.575019],[-1.965159,48.581204],[-1.96939,48.584174],[-1.9735,48.58869],[-1.980295,48.58869],[-1.976633,48.572699],[-1.961903,48.554918],[-1.967275,48.547065],[-1.939361,48.534003],[-1.970448,48.520697],[-1.980295,48.513577],[-1.976389,48.535631],[-1.982493,48.548977],[-2.00829,48.575019],[-2.005116,48.578843],[-2.000885,48.58869],[-2.013254,48.59162],[-2.022043,48.598944],[-2.027089,48.608954],[-2.028717,48.619696],[-2.049794,48.645575],[-2.052358,48.650092],[-2.100209,48.646918],[-2.144846,48.636461],[-2.136627,48.622138],[-2.131256,48.615302],[-2.124338,48.609117],[-2.137034,48.617987],[-2.149322,48.618883],[-2.161041,48.613023],[-2.172109,48.601711],[-2.163197,48.596503],[-2.159088,48.595445],[-2.159088,48.58869],[-2.174062,48.582953],[-2.182973,48.588772],[-2.188385,48.601304],[-2.192616,48.615912],[-2.192128,48.603746],[-2.195546,48.593451],[-2.202789,48.585883],[-2.213694,48.581855],[-2.215688,48.592434],[-2.219228,48.603664],[-2.225942,48.612372],[-2.237294,48.615912],[-2.240712,48.621324],[-2.246205,48.644721],[-2.250966,48.650092],[-2.27359,48.642646],[-2.294016,48.628607],[-2.312652,48.620185],[-2.330312,48.629625],[-2.302398,48.650092],[-2.297475,48.655707],[-2.293772,48.661363],[-2.289418,48.666571],[-2.281972,48.6706],[-2.281972,48.678046],[-2.295237,48.676581],[-2.305328,48.679633],[-2.312489,48.686957],[-2.31607,48.698554],[-2.329986,48.680365],[-2.356068,48.663275],[-2.38622,48.650092],[-2.412262,48.643256],[-2.421051,48.656968],[-2.44286,48.659084],[-2.487457,48.650092],[-2.468007,48.643948],[-2.459543,48.643256],[-2.459543,48.636461],[-2.473622,48.625963],[-2.541086,48.59809],[-2.558827,48.594143],[-2.569407,48.58869],[-2.577056,48.582465],[-2.600697,48.557603],[-2.620025,48.543606],[-2.636342,48.538804],[-2.676137,48.540229],[-2.680247,48.532782],[-2.679677,48.518378],[-2.682362,48.509019],[-2.696278,48.516669],[-2.704701,48.524156],[-2.713124,48.530097],[-2.722727,48.533637],[-2.734486,48.534003],[-2.726674,48.538967],[-2.721018,48.544623],[-2.716949,48.551703],[-2.714019,48.560736],[-2.771067,48.579169],[-2.795033,48.591254],[-2.808013,48.595608],[-2.812978,48.598578],[-2.816396,48.604926],[-2.814361,48.609931],[-2.811431,48.614569],[-2.812978,48.619696],[-2.817047,48.627672],[-2.826975,48.657538],[-2.892079,48.69477],[-2.898671,48.704779],[-2.913971,48.716498],[-2.932037,48.726955],[-2.946685,48.733222],[-2.946685,48.739488],[-2.942738,48.740912],[-2.933095,48.746324],[-2.934397,48.753079],[-2.934438,48.759101],[-2.933095,48.767401],[-2.952952,48.772284],[-3.003651,48.773871],[-3.029286,48.780463],[-3.042388,48.787909],[-3.042388,48.794135],[-3.025502,48.802924],[-3.017812,48.805854],[-3.008168,48.807807],[-3.008372,48.812486],[-3.009389,48.813707],[-3.01179,48.813666],[-3.015696,48.814602],[-3.008168,48.821438],[-3.018219,48.826972],[-3.028717,48.828803],[-3.039296,48.826972],[-3.049184,48.821438],[-3.0655,48.823961],[-3.085032,48.804999],[-3.118031,48.759955],[-3.125478,48.759955],[-3.125478,48.767401],[-3.104075,48.7862],[-3.097524,48.794135],[-3.084625,48.820136],[-3.077056,48.828274],[-3.090728,48.835679],[-3.090728,48.841946],[-3.08373,48.851711],[-3.08434,48.862209],[-3.091461,48.871283],[-3.103749,48.876654],[-3.116444,48.874091],[-3.134999,48.859198],[-3.145375,48.862372],[-3.154205,48.854926],[-3.178822,48.84101],[-3.20873,48.816352],[-3.216868,48.806789],[-3.22053,48.794135],[-3.225575,48.800482],[-3.226796,48.80329],[-3.227895,48.807807],[-3.214955,48.817857],[-3.207753,48.835924],[-3.207143,48.855414],[-3.213612,48.869818],[-3.229726,48.87226],[-3.259511,48.847724],[-3.268951,48.849351],[-3.275787,48.849351],[-3.287465,48.843451],[-3.371816,48.822496],[-3.378651,48.819322],[-3.388743,48.811184],[-3.397613,48.807318],[-3.409901,48.806545],[-3.433339,48.807807],[-3.429921,48.812445],[-3.42809,48.815741],[-3.425404,48.818427],[-3.419749,48.821438],[-3.433583,48.822211],[-3.468129,48.835679],[-3.499827,48.836982],[-3.509185,48.841946],[-3.515289,48.841946],[-3.520863,48.833645],[-3.542592,48.807807],[-3.571401,48.799058],[-3.581532,48.790595],[-3.577382,48.774237],[-3.542836,48.745673],[-3.52831,48.739488],[-3.580474,48.733222],[-3.584543,48.726386],[-3.580474,48.711086],[-3.570546,48.687974],[-3.584788,48.682807],[-3.614003,48.682685],[-3.638539,48.687812],[-3.638173,48.704739],[-3.673818,48.698228],[-3.686635,48.698554],[-3.697865,48.702338],[-3.720855,48.71601],[-3.731923,48.71898],[-3.778432,48.717353],[-3.797109,48.721177],[-3.810129,48.733222],[-3.809804,48.726955],[-3.810455,48.721503],[-3.812652,48.716742],[-3.816965,48.712144],[-3.829254,48.718451],[-3.837148,48.707261],[-3.840077,48.688056],[-3.837473,48.6706],[-3.845448,48.676011],[-3.8485,48.679023],[-3.851715,48.684882],[-3.8579,48.684882],[-3.852447,48.664537],[-3.848948,48.656317],[-3.844309,48.650092],[-3.851715,48.643256],[-3.844309,48.636461],[-3.851715,48.629625],[-3.864654,48.641018],[-3.894195,48.653551],[-3.906321,48.664374],[-3.906321,48.6706],[-3.901967,48.672024],[-3.891998,48.678046],[-3.911936,48.68122],[-3.926584,48.676174],[-3.954742,48.657538],[-3.949534,48.669338],[-3.951039,48.679389],[-3.957753,48.686835],[-3.967763,48.691107],[-3.967763,48.698554],[-3.961008,48.698554],[-3.961008,48.704739],[-3.972727,48.707709],[-3.973866,48.712795],[-3.970286,48.720038],[-3.967763,48.72956],[-3.973988,48.732815],[-4.009348,48.725816],[-4.030507,48.717027],[-4.042714,48.713935],[-4.056549,48.712144],[-4.052642,48.70307],[-4.053293,48.695543],[-4.057362,48.689602],[-4.064036,48.684882],[-4.070221,48.684882],[-4.07433,48.692288],[-4.079254,48.696926],[-4.084788,48.69717],[-4.090688,48.691107],[-4.108713,48.698147],[-4.131459,48.699164],[-4.154652,48.696234],[-4.173899,48.691107],[-4.190582,48.683051],[-4.207753,48.671373],[-4.213002,48.6612],[-4.193756,48.657538],[-4.193756,48.650092],[-4.207143,48.64997],[-4.229807,48.655951],[-4.242055,48.657538],[-4.252594,48.655463],[-4.283111,48.643256],[-4.306508,48.641547],[-4.299143,48.663642],[-4.317291,48.678046],[-4.343251,48.67886],[-4.370229,48.67182],[-4.398061,48.660956],[-4.426503,48.657538],[-4.426503,48.650092],[-4.4204,48.648871],[-4.406606,48.643256],[-4.429799,48.642808],[-4.46288,48.63231],[-4.485463,48.629625],[-4.563629,48.629625],[-4.563629,48.62344],[-4.554799,48.619696],[-4.552602,48.616523],[-4.554433,48.613227],[-4.557485,48.609117],[-4.530141,48.601711],[-4.548818,48.601223],[-4.594635,48.609117],[-4.607737,48.603013],[-4.600494,48.589342],[-4.57726,48.568183],[-4.589833,48.565741],[-4.623036,48.578192],[-4.642486,48.581855],[-4.673451,48.579576],[-4.692291,48.575507],[-4.708241,48.568183],[-4.700795,48.560736],[-4.711578,48.563666],[-4.721995,48.568183],[-4.739898,48.550727],[-4.764556,48.520209],[-4.774648,48.491278],[-4.749257,48.478827],[-4.749257,48.472602],[-4.768056,48.468655],[-4.779856,48.454901],[-4.784901,48.436184],[-4.783355,48.417385],[-4.766347,48.390448],[-4.76476,48.377631],[-4.783355,48.37641],[-4.77717,48.355618],[-4.768381,48.345404],[-4.754994,48.341986],[-4.704498,48.34162],[-4.695668,48.344957],[-4.694081,48.3522],[-4.694081,48.359442],[-4.690541,48.362738],[-4.671132,48.360582],[-4.636342,48.351142],[-4.618886,48.348456],[-4.599355,48.350165],[-4.569569,48.360297],[-4.520619,48.368313],[-4.457509,48.394843],[-4.426503,48.403713],[-4.358957,48.411119],[-4.339019,48.416083],[-4.307729,48.428046],[-4.289906,48.431586],[-4.385569,48.393744],[-4.396596,48.387763],[-4.453725,48.34162],[-4.453725,48.335395],[-4.439931,48.336371],[-4.426503,48.338853],[-4.415028,48.342922],[-4.406606,48.348456],[-4.399159,48.34162],[-4.402821,48.339586],[-4.403798,48.339179],[-4.406606,48.335395],[-4.384185,48.338121],[-4.35261,48.352729],[-4.337717,48.348456],[-4.334055,48.352729],[-4.327789,48.357856],[-4.324696,48.362738],[-4.317291,48.362738],[-4.317291,48.355292],[-4.324696,48.355292],[-4.324696,48.348456],[-4.30899,48.351549],[-4.286285,48.362535],[-4.269399,48.362738],[-4.288686,48.348538],[-4.298492,48.343817],[-4.303131,48.339586],[-4.303619,48.335395],[-4.312082,48.333075],[-4.316314,48.330797],[-4.324696,48.321723],[-4.281972,48.323676],[-4.275706,48.324856],[-4.270172,48.314683],[-4.257721,48.311347],[-4.243967,48.31391],[-4.234731,48.321723],[-4.23054,48.309882],[-4.218821,48.306057],[-4.187489,48.307522],[-4.187489,48.300035],[-4.269358,48.288398],[-4.289906,48.29385],[-4.275217,48.294013],[-4.268951,48.295844],[-4.262603,48.300035],[-4.329701,48.297024],[-4.376861,48.287787],[-4.388987,48.287055],[-4.401967,48.28856],[-4.409657,48.292304],[-4.416371,48.296617],[-4.426503,48.300035],[-4.515533,48.295844],[-4.543202,48.304674],[-4.530141,48.34162],[-4.546702,48.346829],[-4.559478,48.33869],[-4.57726,48.307522],[-4.57551,48.30386],[-4.572906,48.29682],[-4.575185,48.290025],[-4.58788,48.287055],[-4.598785,48.288398],[-4.607086,48.290595],[-4.615387,48.291083],[-4.626332,48.287055],[-4.623687,48.277045],[-4.626332,48.266547],[-4.566274,48.264879],[-4.554067,48.262763],[-4.54719,48.25259],[-4.550933,48.248603],[-4.558665,48.244208],[-4.563629,48.232367],[-4.561187,48.225043],[-4.555043,48.216539],[-4.543772,48.205064],[-4.548736,48.198432],[-4.557485,48.177191],[-4.531646,48.183092],[-4.513987,48.202094],[-4.499989,48.224921],[-4.485463,48.242621],[-4.457631,48.248969],[-4.404368,48.226142],[-4.379262,48.232367],[-4.376861,48.225979],[-4.372426,48.220038],[-4.366119,48.215155],[-4.358225,48.211859],[-4.315826,48.205512],[-4.302358,48.196357],[-4.297353,48.174058],[-4.294342,48.16706],[-4.280181,48.154934],[-4.275706,48.143622],[-4.28539,48.115383],[-4.289906,48.108222],[-4.304758,48.104071],[-4.361928,48.115709],[-4.683705,48.067328],[-4.689524,48.068834],[-4.697418,48.074897],[-4.700795,48.074774],[-4.704254,48.071234],[-4.705556,48.06745],[-4.706207,48.06391],[-4.71227,48.056586],[-4.716461,48.050238],[-4.721506,48.044135],[-4.728139,48.040595],[-4.652984,48.026313],[-4.619211,48.027655],[-4.601959,48.02558],[-4.572011,48.005927],[-4.55899,48.010688],[-4.546702,48.020738],[-4.533274,48.026313],[-4.523264,48.022691],[-4.434641,47.975653],[-4.386952,47.934068],[-4.371978,47.915839],[-4.362213,47.888577],[-4.34732,47.862942],[-4.343861,47.84512],[-4.347646,47.838324],[-4.356068,47.837063],[-4.365468,47.837104],[-4.371816,47.834459],[-4.373443,47.828681],[-4.371246,47.814765],[-4.371816,47.807196],[-4.225168,47.802436],[-4.200551,47.807196],[-4.185211,47.813381],[-4.15274,47.834459],[-4.15274,47.841986],[-4.180043,47.841986],[-4.180043,47.848212],[-4.176666,47.851264],[-4.173899,47.855048],[-4.188466,47.862128],[-4.185618,47.874416],[-4.17162,47.877021],[-4.15274,47.855048],[-4.142649,47.861762],[-4.133616,47.866197],[-4.123769,47.868598],[-4.111195,47.869289],[-4.111195,47.875474],[-4.123362,47.883246],[-4.13683,47.896918],[-4.14273,47.912014],[-4.132192,47.923896],[-4.12914,47.90762],[-4.119293,47.891913],[-4.106557,47.880113],[-4.09439,47.875474],[-4.078236,47.874416],[-4.064931,47.870795],[-4.036692,47.855048],[-4.031565,47.863715],[-4.024037,47.865953],[-4.014068,47.866278],[-4.001943,47.869289],[-4.005442,47.8605],[-4.01122,47.855943],[-4.019154,47.854478],[-4.029205,47.855048],[-4.008901,47.851264],[-3.98648,47.867906],[-3.979237,47.883002],[-3.988271,47.903469],[-3.961822,47.89997],[-3.935129,47.887885],[-3.916331,47.873358],[-3.913197,47.862454],[-3.900787,47.857123],[-3.894521,47.855292],[-3.885854,47.855048],[-3.889963,47.843451],[-3.886464,47.83747],[-3.879221,47.833564],[-3.872222,47.828315],[-3.853098,47.804348],[-3.851715,47.801011],[-3.833567,47.79975],[-3.811187,47.802924],[-3.789906,47.803209],[-3.77538,47.793606],[-3.723215,47.813381],[-3.714589,47.810614],[-3.706166,47.796942],[-3.68692,47.792304],[-3.649037,47.793606],[-3.644399,47.791734],[-3.633046,47.783026],[-3.625152,47.779934],[-3.616851,47.77912],[-3.590972,47.779934],[-3.555653,47.773993],[-3.539296,47.773749],[-3.52831,47.779934],[-3.524485,47.772447],[-3.520253,47.768134],[-3.509185,47.759426],[-3.494862,47.738959],[-3.464996,47.713039],[-3.460683,47.707587],[-3.446441,47.704576],[-3.364491,47.718451],[-3.364491,47.724677],[-3.369252,47.729804],[-3.375478,47.734036],[-3.383168,47.737047],[-3.362172,47.740424],[-3.331776,47.752509],[-3.304351,47.770087],[-3.282623,47.78734],[-3.282623,47.779934],[-3.2954,47.773017],[-3.304433,47.761135],[-3.317291,47.738959],[-3.323557,47.737738],[-3.340566,47.739488],[-3.343984,47.735541],[-3.343984,47.726264],[-3.345123,47.721259],[-3.349355,47.719062],[-3.358266,47.718451],[-3.358266,47.711005],[-3.316274,47.708075],[-3.298451,47.703843],[-3.282623,47.697333],[-3.282623,47.691148],[-3.322418,47.700995],[-3.340199,47.702297],[-3.358266,47.697333],[-3.331532,47.696723],[-3.287587,47.688666],[-3.262074,47.683743],[-3.231597,47.660346],[-3.224192,47.656399],[-3.215077,47.66059],[-3.211903,47.669827],[-3.207143,47.679145],[-3.193186,47.683743],[-3.203521,47.694322],[-3.207387,47.697333],[-3.193227,47.699937],[-3.185374,47.706366],[-3.178375,47.710028],[-3.166493,47.704169],[-3.165028,47.707913],[-3.165028,47.70954],[-3.164052,47.710273],[-3.159088,47.711005],[-3.163319,47.724758],[-3.169667,47.735419],[-3.179189,47.742743],[-3.193186,47.746405],[-3.177358,47.748521],[-3.16393,47.743883],[-3.153188,47.742011],[-3.145375,47.75259],[-3.13915,47.75259],[-3.13976,47.745795],[-3.13915,47.724677],[-3.134511,47.726793],[-3.122792,47.729926],[-3.118031,47.732123],[-3.118031,47.722154],[-3.117177,47.715033],[-3.115061,47.709418],[-3.111195,47.704169],[-3.18635,47.680609],[-3.198394,47.652574],[-3.200592,47.639594],[-3.196685,47.63349],[-3.187245,47.629584],[-3.176015,47.62637],[-3.166493,47.62226],[-3.15217,47.611233],[-3.141184,47.598049],[-3.134185,47.580756],[-3.131703,47.55744],[-3.13386,47.543931],[-3.143219,47.527045],[-3.145375,47.516099],[-3.143788,47.507025],[-3.131703,47.478217],[-3.125478,47.478217],[-3.11913,47.482611],[-3.098134,47.478705],[-3.084543,47.478217],[-3.10676,47.495795],[-3.12328,47.518988],[-3.128896,47.547593],[-3.118031,47.581244],[-3.122955,47.583238],[-3.127187,47.586615],[-3.131703,47.58808],[-3.12328,47.598782],[-3.11205,47.599189],[-3.100453,47.594184],[-3.090728,47.58808],[-3.09732,47.584052],[-3.103749,47.581244],[-3.089752,47.575507],[-3.073842,47.576483],[-3.042388,47.58808],[-3.035797,47.583319],[-3.029937,47.581936],[-3.015696,47.581244],[-3.021718,47.59455],[-3.018219,47.605658],[-3.01179,47.607164],[-3.008168,47.591783],[-3.003407,47.578681],[-2.994211,47.576077],[-2.988596,47.582261],[-2.994496,47.595526],[-2.980946,47.587348],[-2.970286,47.576972],[-2.961293,47.570543],[-2.952952,47.574449],[-2.942616,47.564399],[-2.939931,47.560777],[-2.937245,47.564683],[-2.935618,47.567572],[-2.933095,47.574449],[-2.943512,47.581488],[-2.954701,47.591539],[-2.963612,47.602607],[-2.967193,47.612616],[-2.967193,47.636542],[-2.968577,47.6435],[-2.973297,47.655992],[-2.97468,47.663804],[-2.967193,47.663804],[-2.964589,47.651435],[-2.957997,47.642157],[-2.947499,47.636908],[-2.933095,47.636542],[-2.94164,47.631822],[-2.944814,47.624091],[-2.943756,47.613959],[-2.939931,47.601752],[-2.933095,47.601752],[-2.928822,47.606024],[-2.925689,47.607652],[-2.912668,47.609198],[-2.912668,47.601752],[-2.919423,47.601752],[-2.919423,47.595526],[-2.886383,47.60102],[-2.86677,47.607164],[-2.857981,47.619127],[-2.847727,47.626166],[-2.796051,47.629869],[-2.77538,47.636542],[-2.789133,47.642727],[-2.758209,47.639065],[-2.746327,47.633857],[-2.734486,47.62226],[-2.754465,47.627021],[-2.77538,47.629096],[-2.725331,47.607367],[-2.720204,47.601752],[-2.708608,47.602281],[-2.704254,47.604438],[-2.699778,47.609198],[-2.714019,47.616034],[-2.701568,47.618354],[-2.695627,47.623358],[-2.696929,47.629788],[-2.706532,47.636542],[-2.706532,47.642727],[-2.68399,47.622992],[-2.688629,47.604397],[-2.727651,47.567613],[-2.720204,47.560777],[-2.741444,47.551337],[-2.768666,47.549547],[-2.794016,47.555121],[-2.80956,47.567613],[-2.815297,47.552965],[-2.816396,47.546536],[-2.825429,47.552476],[-2.832428,47.554023],[-2.838124,47.551825],[-2.843658,47.546536],[-2.850575,47.546536],[-2.865305,47.566636],[-2.892568,47.566596],[-2.90925,47.558417],[-2.892079,47.553941],[-2.89151,47.549058],[-2.892934,47.547675],[-2.889882,47.546617],[-2.878529,47.545315],[-2.868967,47.542182],[-2.864817,47.536851],[-2.861073,47.535834],[-2.845693,47.516181],[-2.843658,47.512397],[-2.83019,47.503607],[-2.817128,47.499213],[-2.802154,47.498114],[-2.782786,47.499416],[-2.730702,47.511623],[-2.714019,47.512397],[-2.680735,47.504218],[-2.667104,47.509589],[-2.665517,47.533515],[-2.654775,47.528306],[-2.643056,47.526435],[-2.617787,47.526679],[-2.619944,47.533393],[-2.623931,47.537177],[-2.630116,47.53913],[-2.638254,47.540269],[-2.621205,47.543036],[-2.606435,47.54206],[-2.592275,47.543647],[-2.576812,47.553941],[-2.584462,47.540473],[-2.599355,47.52912],[-2.616933,47.521715],[-2.631988,47.519843],[-2.621693,47.513414],[-2.61559,47.514146],[-2.609853,47.517727],[-2.600697,47.519843],[-2.563222,47.519843],[-2.530507,47.527248],[-2.517486,47.528388],[-2.501698,47.526679],[-2.425364,47.506171],[-2.407053,47.506049],[-2.380116,47.509223],[-2.363922,47.506171],[-2.384674,47.507148],[-2.421213,47.50023],[-2.483632,47.497952],[-2.49474,47.491197],[-2.480621,47.478217],[-2.488922,47.459174],[-2.476186,47.453762],[-2.455312,47.452216],[-2.439036,47.44477],[-2.44815,47.430609],[-2.431752,47.426174],[-2.407135,47.425727],[-2.391835,47.423651],[-2.395009,47.416978],[-2.429433,47.403876],[-2.439036,47.396308],[-2.446401,47.402533],[-2.442209,47.404364],[-2.441029,47.404446],[-2.439036,47.40998],[-2.4558,47.412177],[-2.466135,47.415229],[-2.476796,47.415676],[-2.556386,47.383246],[-2.514801,47.364936],[-2.503326,47.349595],[-2.501698,47.320624],[-2.494252,47.320624],[-2.488922,47.33039],[-2.489369,47.334418],[-2.494252,47.341742],[-2.491282,47.343899],[-2.487945,47.345404],[-2.480621,47.347886],[-2.465443,47.333808],[-2.445383,47.32038],[-2.436187,47.307034],[-2.453359,47.29328],[-2.476064,47.290676],[-2.519032,47.304633],[-2.541982,47.306952],[-2.541982,47.300116],[-2.448394,47.266588],[-2.419179,47.266018],[-2.418121,47.268866],[-2.416575,47.27497],[-2.412831,47.281724],[-2.404897,47.286444],[-2.39745,47.287584],[-2.388092,47.287909],[-2.371409,47.286444],[-2.355336,47.280097],[-2.330963,47.26081],[-2.31607,47.251654],[-2.298085,47.246649],[-2.278391,47.246405],[-2.259429,47.251614],[-2.236073,47.267483],[-2.206288,47.273424],[-2.195953,47.279934],[-2.190582,47.2862],[-2.186594,47.292711],[-2.179555,47.300116],[-2.148101,47.313218],[-2.010121,47.319729],[-1.972157,47.312161],[-1.95816,47.302395],[-1.94929,47.300116],[-1.925689,47.298489],[-1.905629,47.293931],[-1.871165,47.27969],[-1.835927,47.259752],[-1.805653,47.235256],[-1.788238,47.225572],[-1.747222,47.219916],[-1.72704,47.210761],[-1.780995,47.211982],[-1.803944,47.21898],[-1.82608,47.235256],[-1.836252,47.239936],[-1.877838,47.24551],[-1.918853,47.266018],[-1.918853,47.273424],[-1.898427,47.273424],[-1.907338,47.279934],[-1.917063,47.284166],[-1.927805,47.286322],[-1.939361,47.286444],[-1.932485,47.27969],[-1.947865,47.279364],[-1.999135,47.28856],[-2.006581,47.29328],[-2.014556,47.300116],[-2.021962,47.299262],[-2.028717,47.296942],[-2.035634,47.29328],[-2.127675,47.286811],[-2.151682,47.27969],[-2.160553,47.271186],[-2.166982,47.259223],[-2.170888,47.246324],[-2.172109,47.235256],[-2.169301,47.22016],[-2.158681,47.204495],[-2.159088,47.190863],[-2.162099,47.176011],[-2.165191,47.167873],[-2.172841,47.164374],[-2.205393,47.1612],[-2.21703,47.155504],[-2.227854,47.148627],[-2.241119,47.142483],[-2.205474,47.129096],[-2.090159,47.11518],[-2.030019,47.092108],[-2.014556,47.08161],[-2.003774,47.070014],[-1.992584,47.052314],[-1.990712,47.035386],[-2.00829,47.026353],[-2.020172,47.008612],[-2.037017,46.972561],[-2.049224,46.957465],[-2.087473,46.94123],[-2.102162,46.93065],[-2.096344,46.91649],[-2.121978,46.903713],[-2.128774,46.893459],[-2.131256,46.871812],[-2.130035,46.854682],[-2.126088,46.835598],[-2.118764,46.819973],[-2.107167,46.813463],[-2.081288,46.807359],[-2.050282,46.79206],[-1.994618,46.752021],[-1.964996,46.710395],[-1.956451,46.704291],[-1.940012,46.70307],[-1.923166,46.699164],[-1.909901,46.691799],[-1.89977,46.666246],[-1.887807,46.656562],[-1.872426,46.647406],[-1.857411,46.635321],[-1.851226,46.623725],[-1.846588,46.610256],[-1.838694,46.599066],[-1.822662,46.594387],[-1.827056,46.576972],[-1.804799,46.503607],[-1.7954,46.494534],[-1.786,46.490953],[-1.781728,46.495429],[-1.78307,46.504136],[-1.788889,46.520453],[-1.789174,46.532945],[-1.779652,46.522121],[-1.768422,46.50023],[-1.761138,46.492011],[-1.748606,46.486558],[-1.720286,46.481269],[-1.686757,46.460883],[-1.633453,46.454291],[-1.617177,46.443549],[-1.62564,46.431138],[-1.598785,46.425035],[-1.53189,46.423082],[-1.504465,46.419338],[-1.481435,46.408189],[-1.465484,46.38996],[-1.459584,46.364732],[-1.44872,46.343411],[-1.423329,46.342475],[-1.370229,46.354193],[-1.356842,46.350328],[-1.334218,46.336737],[-1.303456,46.323879],[-1.293365,46.322659],[-1.277415,46.319525],[-1.259185,46.300442],[-1.240102,46.284247],[-1.213206,46.27912],[-1.214345,46.310696],[-1.177235,46.326158],[-1.132476,46.324123],[-1.110748,46.30268],[-1.108022,46.28852],[-1.103505,46.280015],[-1.102651,46.271959],[-1.110748,46.259223],[-1.179596,46.229478],[-1.190541,46.216295],[-1.18517,46.19717],[-1.194488,46.192776],[-1.204416,46.184312],[-1.210805,46.174547],[-1.209706,46.166164],[-1.200185,46.159125],[-1.19164,46.157945],[-1.182607,46.158393],[-1.172231,46.156195],[-1.157094,46.156968],[-1.151723,46.156195],[-1.150543,46.153266],[-1.151845,46.148424],[-1.152089,46.143866],[-1.14802,46.141913],[-1.14037,46.14057],[-1.117014,46.128241],[-1.128896,46.120063],[-1.129018,46.11579],[-1.122955,46.112494],[-1.117014,46.107815],[-1.113596,46.106147],[-1.100738,46.103095],[-1.097035,46.101549],[-1.095693,46.097724],[-1.096018,46.088365],[-1.088735,46.074774],[-1.087758,46.064683],[-1.084218,46.056545],[-1.065175,46.051581],[-1.058583,46.047919],[-1.052887,46.04328],[-1.048695,46.038804],[-1.048695,46.03266],[-1.059722,46.015774],[-1.072987,46.007473],[-1.089752,46.008205],[-1.110748,46.018378],[-1.096588,45.985419],[-1.085561,45.971991],[-1.069163,45.964342],[-1.074208,45.961575],[-1.084218,45.953925],[-1.089752,45.950751],[-1.083485,45.94538],[-1.076324,45.936713],[-1.070424,45.926337],[-1.069163,45.915961],[-1.073354,45.904364],[-1.079742,45.902004],[-1.087758,45.903225],[-1.097035,45.902289],[-1.112538,45.895657],[-1.123769,45.888658],[-1.128529,45.884223],[-1.133656,45.878241],[-1.140614,45.872301],[-1.151723,45.86815],[-1.143219,45.857733],[-1.136586,45.843248],[-1.132151,45.828315],[-1.130686,45.816718],[-1.125356,45.807685],[-1.099477,45.786038],[-1.009633,45.735175],[-0.987172,45.717353],[-1.05724,45.74022],[-1.069163,45.748114],[-1.080556,45.753404],[-1.144276,45.806098],[-1.163808,45.806708],[-1.230295,45.792426],[-1.230133,45.779608],[-1.247304,45.709906],[-1.22936,45.704779],[-1.194203,45.710191],[-1.175608,45.700263],[-1.163442,45.688951],[-1.149322,45.6789],[-1.132802,45.671698],[-1.113922,45.668931],[-1.083811,45.660386],[-1.030263,45.62287],[-0.997222,45.614325],[-0.990875,45.610053],[-0.986887,45.591254],[-0.98351,45.586982],[-0.841786,45.514553],[-0.795481,45.477118],[-0.773101,45.452094],[-0.753041,45.424058],[-0.719716,45.36107],[-0.706654,45.322414],[-0.668691,45.130805],[-0.655995,45.099107],[-0.637766,45.073065],[-0.602162,45.053453],[-0.558746,45.043443],[-0.518951,45.029446],[-0.493764,44.997992],[-0.516428,45.011379],[-0.539418,45.019517],[-0.565297,45.023586],[-0.596181,45.024644],[-0.572581,45.014309],[-0.550364,44.998196],[-0.538971,44.976508],[-0.548451,44.94953],[-0.542388,44.937201],[-0.538645,44.908759],[-0.534657,44.894965],[-0.548166,44.902289],[-0.556508,44.918524],[-0.560862,44.939276],[-0.562082,44.96015],[-0.559193,44.976142],[-0.560699,44.985419],[-0.568959,44.997992],[-0.577789,45.005072],[-0.609853,45.018459],[-0.648183,45.044908],[-0.6822,45.076483],[-0.715972,45.134508],[-0.720041,45.145941],[-0.738678,45.238715],[-0.751943,45.275946],[-0.754506,45.295885],[-0.766184,45.326077],[-0.794179,45.355414],[-0.915273,45.450426],[-0.930776,45.453803],[-0.972971,45.470526],[-1.039947,45.50727],[-1.048695,45.515041],[-1.059234,45.527045],[-1.062327,45.532416],[-1.062327,45.537746],[-1.06017,45.543036],[-1.057362,45.546332],[-1.056752,45.557603],[-1.056223,45.565131],[-1.058583,45.569648],[-1.069163,45.57331],[-1.085276,45.569037],[-1.099599,45.553534],[-1.133697,45.504828],[-1.139963,45.490058],[-1.157867,45.27912],[-1.199452,45.120836],[-1.260365,44.627427],[-1.253814,44.638658],[-1.244944,44.662746],[-1.233632,44.706855],[-1.188588,44.755845],[-1.182118,44.765204],[-1.179758,44.766913],[-1.178456,44.770901],[-1.176503,44.775214],[-1.172231,44.778266],[-1.165354,44.778713],[-1.160634,44.776516],[-1.156402,44.773424],[-1.151723,44.77143]]]}},
{"type":"Feature","properties":{"name":"State Boundaries","lineStyle":{"color":[9,9,9],"width":1}},"geometry":{"type":"MultiLineString","coordinates":[[[7.648814,49.035716],[7.644939,49.036294],[7.634965,49.037783],[7.625663,49.043002],[7.615948,49.055973],[7.60861,49.061968],[7.586389,49.069564],[7.542671,49.074577],[7.520863,49.083672],[7.507738,49.094576],[7.485103,49.118708],[7.471047,49.12832],[7.472804,49.131628],[7.475285,49.133901],[7.482726,49.137054],[7.476112,49.151523],[7.458025,49.155864],[7.414823,49.157776],[7.410483,49.168938],[7.391052,49.170023],[7.371634,49.166174],[7.367591,49.165372],[7.350951,49.159171],[7.3463,49.15421],[7.339066,49.139689],[7.334002,49.13416],[7.326457,49.131834],[7.305993,49.130129],[7.297105,49.128114],[7.2908,49.123101],[7.280258,49.108993],[7.274367,49.105014],[7.268062,49.105634],[7.241191,49.113902],[7.154994,49.114419],[7.139285,49.117933],[7.123575,49.123308],[7.085335,49.141549],[7.079857,49.142014],[7.070762,49.136123],[7.071589,49.130594],[7.074793,49.125375],[7.073242,49.12031],[7.042546,49.107598],[7.020532,49.118967],[7.008957,49.146407],[7.009474,49.181702],[6.987873,49.182425],[6.925448,49.205576],[6.914389,49.206662],[6.885243,49.204801],[6.843489,49.211054],[6.833464,49.209452],[6.827676,49.195551],[6.835221,49.179377],[6.839045,49.162788],[6.821785,49.147751],[6.809072,49.145839],[6.770108,49.155295],[6.725563,49.155554],[6.713781,49.158861],[6.700965,49.172865],[6.703756,49.185113],[6.70882,49.197773],[6.702516,49.213638],[6.698485,49.213586],[6.685049,49.207799],[6.680605,49.207489],[6.677918,49.211054],[6.675954,49.218909],[6.674817,49.221131],[6.671613,49.225317],[6.663758,49.243869],[6.659521,49.246763],[6.645671,49.250018],[6.640297,49.252757],[6.63916,49.256788],[6.641227,49.266916],[6.639677,49.271154],[6.573169,49.313115],[6.556426,49.326396],[6.550122,49.338023],[6.555599,49.34717],[6.573376,49.347738],[6.577717,49.3558],[6.574306,49.361794],[6.52573,49.395487],[6.518806,49.402154],[6.520769,49.402567],[6.520563,49.408148],[6.517876,49.416416],[6.511674,49.424736],[6.494518,49.435537],[6.402741,49.465457],[6.391682,49.466697],[6.383517,49.46463],[6.3645,49.456104],[6.353855,49.45476],[6.345307,49.455349],[6.325329,49.456724],[6.298768,49.466232],[6.251117,49.48946],[6.249365,49.490314],[6.221976,49.497445],[6.193554,49.499409],[6.13609,49.495275],[6.142601,49.486076],[6.114386,49.484371],[6.107255,49.48251],[6.101984,49.476413],[6.102087,49.470005],[6.099813,49.46463],[6.087721,49.461633],[6.078006,49.452021],[6.06333,49.448456],[5.978064,49.445097],[5.9607,49.441324],[5.946954,49.469953],[5.928144,49.482304],[5.864686,49.492174],[5.839571,49.499874],[5.822104,49.510519],[5.790685,49.537753],[5.779006,49.539613],[5.757095,49.548398],[5.746346,49.549431],[5.735598,49.545711],[5.722679,49.5346],[5.710276,49.531086],[5.688676,49.533515],[5.667178,49.54044],[5.644647,49.543799],[5.619739,49.53553],[5.607854,49.524937],[5.60558,49.517754],[5.602273,49.513723],[5.587493,49.512431],[5.578915,49.51393],[5.547599,49.523438],[5.528789,49.517961],[5.503674,49.505093],[5.477732,49.495223],[5.456132,49.498944],[5.44993,49.507832],[5.450964,49.516772],[5.454168,49.526177],[5.454375,49.536616],[5.450241,49.545762],[5.402078,49.602451],[5.391166,49.608817],[5.383475,49.613304],[5.352469,49.620693],[5.3411,49.625137],[5.334899,49.625809],[5.331178,49.623122],[5.326941,49.617644],[5.32167,49.61258],[5.314538,49.611133],[5.297898,49.613252],[5.293041,49.617179],[5.290664,49.626378],[5.293764,49.640537],[5.301826,49.643896],[5.306373,49.647513],[5.299449,49.662499],[5.280122,49.677899],[5.259244,49.691335],[5.237644,49.690973],[5.192478,49.682808],[5.169431,49.687201],[5.151241,49.695986],[5.136358,49.705339],[5.093776,49.745337],[5.081891,49.752727],[5.046234,49.759393],[5.026287,49.766731],[4.98908,49.790554],[4.970993,49.797065],[4.968371,49.796981],[4.950013,49.796393],[4.906604,49.786471],[4.884177,49.784146],[4.858029,49.786575],[4.849037,49.794171],[4.849244,49.831585],[4.846763,49.837528],[4.836945,49.848018],[4.834878,49.85303],[4.836738,49.859128],[4.845626,49.865846],[4.848934,49.871066],[4.854308,49.883313],[4.859372,49.891684],[4.861956,49.900314],[4.860199,49.913337],[4.844593,49.931734],[4.797257,49.944291],[4.783925,49.958295],[4.788265,49.974263],[4.826713,50.036017],[4.827643,50.046714],[4.826093,50.055034],[4.827229,50.064077],[4.84604,50.09069],[4.852137,50.091621],[4.862886,50.084076],[4.86516,50.101594],[4.870534,50.122265],[4.871878,50.139783],[4.862679,50.147586],[4.831364,50.1434],[4.820098,50.146449],[4.815551,50.161332],[4.788575,50.153374],[4.681915,50.083921],[4.676128,50.076066],[4.67344,50.066196],[4.675818,50.060201],[4.679538,50.055189],[4.680572,50.048316],[4.672924,50.01638],[4.665896,50.000515],[4.656697,49.989095],[4.645845,49.984495],[4.604194,49.980206],[4.464771,49.935609],[4.435109,49.93225],[4.427651,49.933572],[4.277599,49.960156],[4.215953,49.954408],[4.201118,49.953024],[4.187682,49.955505],[4.131665,49.974987],[4.132365,49.974946],[4.139623,49.974522],[4.138383,49.989198],[4.132905,50.004494],[4.128151,50.005786],[4.132285,50.017568],[4.137349,50.025061],[4.144584,50.030797],[4.162877,50.041805],[4.186028,50.05245],[4.210006,50.06015],[4.210316,50.066713],[4.203392,50.074671],[4.197397,50.084076],[4.180551,50.127226],[4.170629,50.130481],[4.15988,50.129396],[4.139933,50.123557],[4.125774,50.128156],[4.128151,50.146243],[4.147374,50.186343],[4.152749,50.204534],[4.157296,50.212698],[4.167942,50.222465],[4.191506,50.234299],[4.201325,50.241534],[4.203702,50.251973],[4.197604,50.258484],[4.185201,50.26546],[4.171766,50.270886],[4.162774,50.272953],[4.150268,50.269543],[4.149751,50.263135],[4.150992,50.256262],[4.143654,50.251611],[4.125257,50.25714],[4.097868,50.294812],[4.077198,50.306646],[4.055907,50.314553],[4.022731,50.338117],[4.0033,50.34406],[3.982113,50.342613],[3.918551,50.325456],[3.895917,50.325301],[3.878037,50.330779],[3.86088,50.338479],[3.84021,50.345197],[3.798662,50.348452],[3.755047,50.346334],[3.741508,50.34313],[3.733446,50.337239],[3.715463,50.317653],[3.711122,50.309333],[3.708435,50.306336],[3.703887,50.304321],[3.702234,50.305251],[3.700787,50.304683],[3.696859,50.298223],[3.661719,50.319307],[3.652934,50.360183],[3.652831,50.406847],[3.644356,50.445501],[3.62813,50.464363],[3.608286,50.476507],[3.586375,50.483483],[3.563741,50.486532],[3.499145,50.48679],[3.486743,50.492681],[3.496458,50.503792],[3.498008,50.511853],[3.491497,50.517073],[3.477131,50.519863],[3.462868,50.51914],[3.452636,50.514851],[3.442714,50.508494],[3.429175,50.501828],[3.385354,50.491648],[3.361066,50.489787],[3.343599,50.49294],[3.299881,50.507461],[3.286755,50.514075],[3.271045,50.526943],[3.265878,50.538312],[3.264327,50.570196],[3.237869,50.626472],[3.229808,50.65541],[3.24376,50.672102],[3.232391,50.695925],[3.224433,50.705175],[3.210997,50.707965],[3.196941,50.709206],[3.188983,50.715097],[3.176684,50.734114],[3.162823,50.749925],[3.162811,50.749939],[3.146195,50.768892],[3.129245,50.779072],[3.103304,50.784085],[3.023817,50.768262],[2.971425,50.757833],[2.948378,50.748686],[2.930188,50.736232],[2.900112,50.703108],[2.886883,50.696648],[2.871276,50.698767],[2.866726,50.700091],[2.786734,50.723365],[2.768234,50.733235],[2.762963,50.739385],[2.749527,50.75959],[2.743842,50.766205],[2.706635,50.788787],[2.700021,50.79628],[2.69692,50.80305],[2.691856,50.808838],[2.67873,50.81323],[2.669222,50.813902],[2.650618,50.812248],[2.642453,50.812455],[2.627777,50.814419],[2.620439,50.816486],[2.615168,50.82217],[2.60659,50.834831],[2.602042,50.838087],[2.58995,50.842014],[2.586746,50.845425],[2.58778,50.850024],[2.595531,50.861134],[2.596668,50.867646],[2.576928,50.911519],[2.582715,50.920666],[2.605763,50.935238],[2.611654,50.941233],[2.60845,50.961128],[2.592741,50.976114],[2.55698,51.001177],[2.547059,51.020479],[2.537033,51.06461],[2.5218,51.087541]]]}},
{"type":"Feature","properties":{"name":"EGA Paris Runways","lineStyle":{"color":[20,20,20],"width":2}},"geometry":{"type":"MultiLineString","coordinates":[[[2.524892,49.024719],[2.561692,49.026694]],[[2.513058,49.020617],[2.570308,49.02371]],[[2.552744,48.995686],[2.609268,48.998707]],[[2.565661,48.992914],[2.602436,48.994878]],[[2.424064,48.96485],[2.446881,48.970969]],[[2.440606,48.968264],[2.428383,48.950878]],[[2.420403,48.963681],[2.445547,48.965053]],[[2.026403,49.101656],[2.04345,49.095675]],[[2.027397,49.087767],[2.042,49.097481]],[[2.104358,49.458094],[2.131733,49.446206]],[[2.116814,49.457369],[2.123283,49.462139]],[[2.320514,48.721247],[2.360678,48.735456]],[[2.358592,48.719408],[2.396392,48.726383]],[[2.376703,48.717547],[2.386975,48.738025]],[[2.213933,48.774606],[2.189275,48.774128]],[[2.098725,48.751206],[2.1129,48.754392]],[[2.113261,48.752575],[2.101803,48.749997]],[[2.663286,48.606478],[2.688206,48.602508]],[[2.674975,48.617583],[2.671078,48.606164]],[[2.621325,48.820589],[2.630742,48.821503]],[[2.619889,48.819083],[2.630433,48.820111]],[[2.065442,48.813725],[2.071517,48.812017]],[[2.064206,48.8129],[2.071469,48.810858]],[[2.189275,48.774128],[2.213933,48.774606]]]}},
{"type":"Feature","properties":{"name":"Paris-Beauvais Area","lineStyle":{"color":[14,14,14],"width":1}},"geometry":{"type":"MultiLineString","coordinates":[[[2.086947,49.460667],[2.124481,49.439893],[2.165058,49.42505],[2.134879,49.404096],[2.068687,49.410861],[2.050174,49.450776],[2.086947,49.460667]]]}},
{"type":"Feature","properties":{"name":"Paris Airspace West Configuration","lineStyle":{"color":[155,155,155],"width":1,"dashArray":[4.0,5.0]},"activation":{"activeRunways":{"LFPG":{"arr":["26L","27R"],"dep":["26R","27L"]}}}},"geometry":{"type":"MultiLineString","coordinates":[[[2.708889,49.510556],[2.5,49.433333],[2.165833,49.3125],[2.055833,49.32],[1.899167,49.389444],[1.742222,49.021111],[1.768889,48.899167],[1.739444,48.7875]],[[1.739444,48.7875],[1.996667,48.798889],[2.000556,48.990278],[2.197222,49.121111],[2.314444,49.141111],[2.419444,49.16],[2.866667,49.232778],[3.060833,48.907778],[3.030125,48.893625]],[[3.107413,48.846076],[3.238889,48.848333],[3.164722,49.383333],[3.157778,49.4375],[2.708889,49.510556]],[[3.193685,48.776558],[3.213056,48.790278],[3.500833,48.809722],[3.483333,49.033333],[3.373056,49.316667],[3.164722,49.383333]],[[3.157778,49.4375],[3.314722,49.468611],[3.461667,49.445],[3.662222,49.140556],[3.661667,49.105556],[3.738889,49.158333],[3.739444,49.198889],[3.683056,49.268611],[3.632222,49.450167],[3.484722,49.714722],[3.236389,49.666667],[3.105833,49.611944],[2.976389,49.6025],[2.782778,49.674167],[2.743889,49.635278],[2.708889,49.510556]],[[3.661667,49.105556],[3.656944,48.736667],[3.656389,48.700556],[3.73,48.683889],[3.781667,48.672222],[3.853056,48.639444],[3.81,48.600278],[3.732028,48.538833],[3.637583,48.457111],[3.522481,48.388742],[3.494392,48.372065]],[[3.656944,48.736667],[3.322283,48.650486]]]}},
{"type":"Feature","properties":{"name":"Paris Airspace West Configuration","lineStyle":{"color":[155,155,155],"width":1},"activation":{"activeRunways":{"LFPG":{"arr":["26L","27R"],"dep":["26R","27L"]}}}},"geometry":{"type":"MultiLineString","coordinates":[[[2.392269,48.900236],[3.030125,48.893625],[3.062434,48.882283],[3.290643,48.698312],[3.31169,48.565098],[3.494418,48.372081]],[[1.972056,48.850573],[2.236446,48.857688]],[[2.356903,48.744491],[1.984313,48.742048]],[[2.43684,48.660379],[1.994688,48.636279]],[[2.473958,48.612986],[1.996004,48.586307]]]}},
{"type":"Feature","properties":{"name":"Paris Airspace East Configuration","lineStyle":{"color":[155,155,155],"width":1,"dashArray":[4.0,5.0]},"activation":{"activeRunways":{"LFPG":{"arr":["08R","09L"],"dep":["08L","09R"]}}}},"geometry":{"type":"MultiLineString","coordinates":[[[1.613056,49.380278],[1.606444,49.455444],[1.663333,49.536944],[2.5,49.433333],[2.2425,49.340556],[1.941111,49.433889],[1.8525,49.41],[1.723056,49.375278],[1.613056,49.380278]],[[1.8525,49.41],[1.899167,49.389444],[2.055833,49.32],[2.165833,49.3125],[2.2425,49.340556]],[[1.613056,49.380278],[1.570556,49.3],[1.468056,49.2525],[1.488611,49.138611],[1.495278,49.101111],[1.419167,48.917222],[1.425278,48.705833],[1.374164,48.688009],[1.286111,48.657222],[1.327222,48.513056],[1.393138,48.323946]],[[1.899167,49.389444],[1.777778,49.104167],[1.742222,49.021111],[1.756667,48.953056]],[[1.723056,49.375278],[1.606111,49.059722],[1.590686,49.029737]],[[2.5,49.433333],[2.602778,49.471389],[2.645345,49.48712],[2.708889,49.510556]],[[2.708889,49.510556],[3.157778,49.4375],[3.164722,49.383333],[3.208056,49.076944],[3.238889,48.848333],[3.093056,48.845833],[2.994552,48.786543],[2.902356,48.834516],[3.060833,48.907778],[2.866667,49.232778],[2.314444,49.141111],[2.197222,49.121111],[2.000556,48.990278],[1.998333,48.890833],[1.997109,48.823316]]]}},
{"type":"Feature","properties":{"name":"Paris Airspace East Configuration","lineStyle":{"color":[155,155,155],"width":1},"activation":{"activeRunways":{"LFPG":{"arr":["08R","09L"],"dep":["08L","09R"]}}}},"geometry":{"type":"MultiLineString","coordinates":[[[1.393138,48.323946],[1.547747,48.378593],[1.756947,48.508664],[1.594423,48.654336],[1.424589,48.729796]],[[1.594423,48.654336],[1.646444,48.724052],[1.421878,48.823731]],[[1.646444,48.724052],[1.654605,48.734969],[1.715823,48.75191],[2.327577,48.790742]],[[2.21706,48.767957],[2.350349,48.718995],[2.630859,48.788373],[2.809726,48.440568]],[[1.590686,49.029737],[1.582889,49.014565],[1.741489,48.984721],[1.800858,48.872473],[1.741025,48.814061],[2.278449,48.833295]],[[2.26425,48.861548],[2.243999,48.875443],[1.997935,48.86887]],[[2.413889,48.857215],[2.623056,48.839472]],[[2.606111,48.831253],[3.249963,48.892351],[3.49995,48.980214]]]}},
{"type":"Feature","properties":{"name":"BIBAX/LUKIP Sequencing Arcs","lineStyle":{"color":[27,27,27],"width":1,"dashArray":[2.0,4.0]}},"geometry":{"type":"MultiLineString","coordinates":[[[0.807463,49.31124],[0.807373,49.319479],[0.807504,49.327716],[0.807854,49.335949],[0.808424,49.344175],[0.809214,49.352393],[0.810224,49.360598],[0.811452,49.36879],[0.8129,49.376965],[0.814565,49.385121],[0.816449,49.393256],[0.81855,49.401367],[0.820868,49.409451],[0.823401,49.417507],[0.82615,49.425531],[0.829113,49.433522],[0.832289,49.441477],[0.835678,49.449393],[0.839279,49.457268],[0.84309,49.465101],[0.84711,49.472887],[0.851338,49.480626],[0.855773,49.488314],[0.860413,49.49595],[0.865257,49.503532],[0.870303,49.511056],[0.875551,49.518521],[0.880998,49.525924],[0.886642,49.533263],[0.892483,49.540537],[0.898518,49.547742],[0.904745,49.554877],[0.911163,49.56194],[0.917769,49.568928],[0.924562,49.575839],[0.93154,49.582672],[0.9387,49.589424],[0.94604,49.596093],[0.953558,49.602677],[0.961252,49.609175],[0.969119,49.615584],[0.977157,49.621902],[0.985364,49.628129],[0.993737,49.63426],[1.002273,49.640296],[1.010971,49.646234],[1.019827,49.652072],[1.028838,49.657809],[1.038002,49.663443],[1.047317,49.668972],[1.056779,49.674394],[1.066385,49.679709],[1.076132,49.684914],[1.086019,49.690007],[1.096041,49.694989],[1.106195,49.699856],[1.116479,49.704607],[1.126889,49.709242],[1.137422,49.713758],[1.148076,49.718154],[1.158846,49.72243],[1.16973,49.726583],[1.180723,49.730613],[1.191824,49.734518],[1.203028,49.738298],[1.214333,49.74195],[1.225734,49.745475],[1.237228,49.74887]],[[1.062331,49.307476],[1.062421,49.31311],[1.062662,49.318742],[1.063053,49.32437],[1.063594,49.329992],[1.064285,49.335606],[1.065126,49.341211],[1.066116,49.346804],[1.067255,49.352385],[1.068543,49.357952],[1.069979,49.363503],[1.071563,49.369036],[1.073295,49.374549],[1.075174,49.380042],[1.077199,49.385512],[1.07937,49.390957],[1.081686,49.396376],[1.084146,49.401768],[1.08675,49.407131],[1.089498,49.412462],[1.092387,49.417762],[1.095417,49.423027],[1.098588,49.428256],[1.101897,49.433449],[1.105346,49.438602],[1.108931,49.443716],[1.112653,49.448787],[1.11651,49.453815],[1.1205,49.458799],[1.124624,49.463735],[1.128878,49.468625],[1.133263,49.473464],[1.137777,49.478253],[1.142418,49.48299],[1.147186,49.487673],[1.152078,49.492302],[1.157093,49.496873],[1.162229,49.501388],[1.167486,49.505843],[1.172862,49.510237],[1.178354,49.51457],[1.183961,49.51884],[1.189682,49.523045],[1.195514,49.527185],[1.201457,49.531258],[1.207508,49.535264],[1.213665,49.539199],[1.219927,49.543065],[1.226291,49.546859],[1.232756,49.55058],[1.23932,49.554228],[1.245981,49.557801],[1.252736,49.561297],[1.259584,49.564717],[1.266523,49.568059],[1.27355,49.571322],[1.280664,49.574505],[1.287862,49.577607],[1.295142,49.580627],[1.302502,49.583565],[1.30994,49.586419],[1.317453,49.589188],[1.325039,49.591873],[1.332696,49.594471],[1.340421,49.596982],[1.348213,49.599406]],[[1.318075,49.3037],[1.318078,49.306464],[1.318154,49.309227],[1.318304,49.311988],[1.318527,49.314748],[1.318823,49.317504],[1.319193,49.320256],[1.319636,49.323004],[1.320152,49.325746],[1.320741,49.328482],[1.321403,49.33121],[1.322137,49.33393],[1.322943,49.336642],[1.323821,49.339344],[1.324771,49.342035],[1.325793,49.344715],[1.326886,49.347383],[1.328049,49.350039],[1.329283,49.35268],[1.330587,49.355307],[1.331961,49.357919],[1.333405,49.360514],[1.334917,49.363093],[1.336497,49.365654],[1.338146,49.368197],[1.339862,49.370721],[1.341645,49.373225],[1.343494,49.375708],[1.345409,49.37817],[1.34739,49.38061],[1.349435,49.383027],[1.351544,49.38542],[1.353717,49.387789],[1.355952,49.390133],[1.35825,49.392451],[1.360609,49.394743],[1.363028,49.397008],[1.365508,49.399245],[1.368047,49.401454],[1.370644,49.403634],[1.373299,49.405784],[1.376011,49.407903],[1.378779,49.409992],[1.381602,49.412049],[1.38448,49.414073],[1.387411,49.416065],[1.390395,49.418024],[1.39343,49.419948],[1.396517,49.421838],[1.399653,49.423692],[1.402838,49.425511],[1.406071,49.427294],[1.409352,49.42904],[1.412678,49.430748],[1.416049,49.432419],[1.419465,49.434051],[1.422923,49.435645],[1.426423,49.437199],[1.429965,49.438714],[1.433546,49.440188],[1.437166,49.441622],[1.440823,49.443014],[1.444518,49.444365],[1.448247,49.445674],[1.452011,49.446941],[1.455809,49.448166],[1.459638,49.449347]]]}},
{"type":"Feature","properties":{"name":"BIBAX9V Point Merge","lineStyle":{"color":[145,189,141],"width":1}},"geometry":{"type":"MultiLineString","coordinates":[[[1.008056,50.0575],[1.013056,49.853056]],[[1.013056,49.853056],[0.998581,49.846958],[0.984272,49.840699],[0.970133,49.834281],[0.956167,49.827705],[0.94238,49.820974],[0.928775,49.814089],[0.915357,49.807053],[0.902129,49.799867],[0.889095,49.792534],[0.876259,49.785055],[0.863625,49.777433],[0.851197,49.76967],[0.838979,49.761768],[0.826974,49.75373],[0.815185,49.745557],[0.803617,49.737253],[0.792272,49.72882],[0.781154,49.720259],[0.770267,49.711574],[0.759614,49.702768],[0.749197,49.693842],[0.73902,49.684799],[0.729086,49.675642],[0.719398,49.666374],[0.709959,49.656997],[0.700772,49.647514],[0.691839,49.637928],[0.683162,49.628241],[0.674746,49.618457],[0.666592,49.608578],[0.658702,49.598608],[0.651079,49.588548],[0.643725,49.578403],[0.636643,49.568174],[0.629835,49.557866],[0.623301,49.54748],[0.617046,49.537021],[0.611069,49.526491],[0.605374,49.515893],[0.599962,49.505231],[0.594834,49.494507],[0.589992,49.483725],[0.585437,49.472888],[0.581172,49.461998],[0.577196,49.451061],[0.573512,49.440077],[0.57012,49.429052],[0.567021,49.417987],[0.564217,49.406887],[0.561707,49.395754],[0.559494,49.384593],[0.557577,49.373405],[0.555957,49.362196],[0.554635,49.350967],[0.553611,49.339722]]]}},
{"type":"Feature","properties":{"name":"LUKIP9V Point Merge","lineStyle":{"color":[145,189,141],"width":1}},"geometry":{"type":"MultiLineString","coordinates":[[[0.496389,49.315833],[0.688889,49.363889]],[[0.688889,49.363889],[0.690442,49.373776],[0.692258,49.383642],[0.694335,49.393484],[0.696674,49.403299],[0.699274,49.413084],[0.702134,49.422837],[0.705253,49.432554],[0.70863,49.442232],[0.712264,49.451869],[0.716154,49.461462],[0.720299,49.471008],[0.724698,49.480504],[0.729349,49.489948],[0.734251,49.499335],[0.739403,49.508665],[0.744802,49.517933],[0.750448,49.527138],[0.756338,49.536276],[0.762471,49.545344],[0.768846,49.554341],[0.775459,49.563263],[0.782309,49.572109],[0.789395,49.580874],[0.796713,49.589557],[0.804262,49.598155],[0.81204,49.606665],[0.820044,49.615085],[0.828271,49.623413],[0.83672,49.631646],[0.845388,49.639782],[0.854271,49.647818],[0.863369,49.655752],[0.872677,49.663581],[0.882193,49.671304],[0.891914,49.678918],[0.901837,49.68642],[0.91196,49.693809],[0.922278,49.701083],[0.93279,49.708239],[0.943492,49.715275],[0.954381,49.722189],[0.965453,49.72898],[0.976705,49.735644],[0.988134,49.742181],[0.999737,49.748588],[1.011509,49.754864],[1.023448,49.761006],[1.03555,49.767013],[1.04781,49.772883],[1.060227,49.778614],[1.072795,49.784205],[1.085511,49.789654],[1.098371,49.79496],[1.111371,49.80012],[1.124508,49.805134],[1.137778,49.81]]]}},
{"type":"Feature","properties":{"name":"Paris Procedure Lines","lineStyle":{"color":[145,189,141],"width":1}},"geometry":{"type":"MultiLineString","coordinates":[[[2.00506,48.245027],[2.008905,48.111762]],[[2.221437,48.241495],[2.253304,48.109917]],[[2.433969,48.239293],[2.500621,48.113673]],[[2.660322,48.236651],[2.75126,48.118038]],[[2.871404,48.236321],[2.993319,48.130864]],[[3.592048,48.485714],[3.683075,48.428496]],[[3.679406,48.561511],[3.732028,48.538833],[3.780643,48.512526]],[[3.773904,48.371211],[3.86453,48.313856]],[[3.877721,48.45985],[3.974599,48.407093]],[[3.669183,48.80383],[3.869917,48.790556]],[[3.663861,48.932067],[3.865469,48.921234]],[[3.706857,49.102444],[3.907382,49.123109]],[[3.709032,49.096845],[3.910942,49.110223]],[[3.796434,49.306522],[3.909985,49.344321]],[[3.582766,49.441789],[3.632222,49.45],[3.70644,49.462685]],[[3.679521,49.596047],[3.807654,49.596395]],[[3.302162,49.557036],[3.426727,49.576363]],[[2.778882,49.53283],[2.906103,49.523888]],[[1.509453,49.301143],[1.570556,49.299972],[1.63023,49.297369]],[[1.544215,49.336049],[1.570556,49.299972]],[[1.321056,49.012554],[1.558378,48.966811]],[[1.271403,48.494017],[1.327222,48.513056],[1.382824,48.532189]]]}},
{"type":"Feature","properties":{"uuid":"Paris_Configuration_Text_IPGW","textStyle":{"color":[201,201,201],"fontFamily":"Open Sans","fontSize":18,"fontWeight":400,"text":"WI"},"activation":{"activeRunways":{"LFPG":{"arr":["26L","27R"],"dep":["26R","27L"]}},"unactiveRunway":{"LFPO":{"arr":["25"],"dep":["24"]}}}},"geometry":{"type":"MultiPoint","coordinates":[[2.339134,48.858413]]}},
{"type":"Feature","properties":{"uuid":"Paris_Configuration_Text_IPGW","textStyle":{"color":[201,201,201],"fontFamily":"Open Sans","fontSize":18,"fontWeight":400,"text":"Configuration WI"},"activation":{"activeRunways":{"LFPG":{"arr":["26L","27R"],"dep":["26R","27L"]}},"unactiveRunway":{"LFPO":{"arr":["25"],"dep":["24"]}}}},"geometry":{"type":"MultiPoint","coordinates":[[2.475402,49.902258]]}},
{"type":"Feature","properties":{"name":"Paris Procedure Lines IPGW","lineStyle":{"color":[145,189,141],"width":1},"activation":{"activeRunways":{"LFPG":{"arr":["26L","27R"],"dep":["26R","27L"]}},"unactiveRunway":{"LFPO":{"arr":["25"],"dep":["24"]}}}},"geometry":{"type":"MultiLineString","coordinates":[[[1.333352,49.040921],[1.628722,49.064611]],[[1.281138,48.920239],[1.576017,48.939009]],[[1.537619,49.525627],[1.606444,49.455444],[1.734031,49.451224]],[[1.592541,48.63424],[1.679789,48.694221]],[[1.769108,48.690084],[1.922695,48.658128]],[[1.850229,48.762308],[1.774778,48.75925],[1.827354,48.79517]],[[1.91109,48.852225],[1.963861,48.888083],[2.039354,48.892503]],[[1.766631,48.950734],[1.892583,48.958306],[1.767864,48.972245]],[[2.065332,48.935828],[2.189254,48.919531]],[[2.178766,48.998605],[2.233014,48.963636]],[[2.320432,48.982955],[2.19434,48.975903]],[[2.146639,49.038306],[2.27286,49.031179]],[[2.219708,49.091605],[2.349124,49.088276]],[[2.334744,49.101572],[2.381752,49.052114]],[[2.358028,48.946135],[2.311856,48.932533]],[[2.38385,48.912065],[2.459417,48.916222],[2.535238,48.917129]],[[2.28937,48.906796],[2.213833,48.902528]],[[2.204164,48.90789],[2.213833,48.902528],[2.2057,48.896154]],[[2.534362,48.839681],[2.545341,48.835575],[2.53912,48.828328]],[[2.545341,48.835575],[2.70044,48.863773]],[[1.884302,49.28596],[2.011297,49.280058]],[[2.060987,49.288785],[2.130815,49.400631]],[[2.076685,49.439188],[2.153194,49.436361],[2.226358,49.421524]],[[1.971601,49.751263],[2.061841,49.595328]],[[2.363906,49.722005],[2.351588,49.555621]],[[2.664253,49.679914],[2.568659,49.525354]],[[2.4738,49.370935],[2.406527,49.260788]],[[2.533611,49.358611],[2.655144,49.333455]],[[2.471643,49.257486],[2.514778,49.255278],[2.597441,49.245586]],[[2.715,49.231694],[2.840115,49.216769]],[[3.388629,49.347023],[3.325972,49.2745]],[[3.636941,49.211433],[3.577694,49.13775]],[[3.506069,49.090529],[3.434579,49.043264]],[[3.190298,48.880735],[3.277343,48.93883]],[[3.277389,48.94716],[3.277343,48.93883],[3.289987,48.938877]],[[3.205724,48.854357],[3.269036,48.782307]],[[3.317922,48.892687],[3.374837,48.8278]],[[3.332167,48.710222],[3.387111,48.613833]],[[3.437904,48.75567],[3.500792,48.683505]],[[1.975113,48.823555],[1.98658,48.721922]],[[2.51031,48.602376],[2.63804,48.470762]],[[2.351724,48.59241],[2.460079,48.46077]],[[2.188832,48.581493],[2.285706,48.44792]],[[2.04388,48.572947],[2.120662,48.437924]],[[1.997237,48.568674],[2.000825,48.42983]],[[2.393631,49.014118],[2.444111,49.016889]],[[2.433378,48.989207],[2.483834,48.991972]],[[1.493328,48.7463],[1.617829,48.723583]],[[1.830263,48.91157],[1.783138,48.834311],[1.891588,48.79265]],[[2.639265,48.459912],[2.813333,48.455833]],[[2.641283,48.406338],[2.890249,48.406784]]]}},
{"type":"Feature","properties":{"name":"MOBRO","pointStyle":{"type":"cross_large","color":[145,189,141]},"activation":{"activeRunways":{"LFPG":{"arr":["26L","27R"],"dep":["26R","27L"]}},"unactiveRunway":{"LFPO":{"arr":["06"],"dep":["07"]}}}},"geometry":{"type":"MultiPoint","coordinates":[[1.606389,49.455556],[1.606389,49.455556]]}},
{"type":"Feature","properties":{"name":"DEROL","pointStyle":{"type":"cross","color":[145,189,141]},"activation":{"activeRunways":{"LFPG":{"arr":["26L","27R"],"dep":["26R","27L"]}},"unactiveRunway":{"LFPO":{"arr":["06"],"dep":["07"]}}}},"geometry":{"type":"MultiPoint","coordinates":[[2.115583,48.677611],[2.115583,48.677611]]}},
{"type":"Feature","properties":{"name":"DOPAP","pointStyle":{"type":"cross","color":[145,189,141]},"activation":{"activeRunways":{"LFPG":{"arr":["26L","27R"],"dep":["26R","27L"]}},"unactiveRunway":{"LFPO":{"arr":["06"],"dep":["07"]}}}},"geometry":{"type":"MultiPoint","coordinates":[[2.242972,48.702167],[2.242972,48.702167]]}},
{"type":"Feature","properties":{"name":"PIVER","pointStyle":{"type":"cross","color":[145,189,141]},"activation":{"activeRunways":{"LFPG":{"arr":["26L","27R"],"dep":["26R","27L"]}},"unactiveRunway":{"LFPO":{"arr":["06"],"dep":["07"]}}}},"geometry":{"type":"MultiPoint","coordinates":[[2.267528,48.795944],[2.267528,48.795944]]}},
{"type":"Feature","properties":{"name":"OXCEL","pointStyle":{"type":"cross","color":[145,189,141]},"activation":{"activeRunways":{"LFPG":{"arr":["26L","27R"],"dep":["26R","27L"]}},"unactiveRunway":{"LFPO":{"arr":["06"],"dep":["07"]}}}},"geometry":{"type":"MultiPoint","coordinates":[[2.389778,48.730139],[2.389778,48.730139]]}},
{"type":"Feature","properties":{"name":"CTL","pointStyle":{"type":"cross","color":[145,189,141]},"activation":{"activeRunways":{"LFPG":{"arr":["26L","27R"],"dep":["26R","27L"]}},"unactiveRunway":{"LFPO":{"arr":["06"],"dep":["07"]}}}},"geometry":{"type":"MultiPoint","coordinates":[[3.577694,49.13775],[3.577694,49.13775]]}},
{"type":"Feature","properties":{"name":"VEMIL","pointStyle":{"type":"cross","color":[145,189,141]},"activation":{"activeRunways":{"LFPG":{"arr":["26L","27R"],"dep":["26R","27L"]}},"unactiveRunway":{"LFPO":{"arr":["06"],"dep":["07"]}}}},"geometry":{"type":"MultiPoint","coordinates":[[2.386194,49.224861],[2.386194,49.224861]]}},
{"type":"Feature","properties":{"name":"KOLIV","pointStyle":{"type":"cross","color":[41,36,35]},"activation":{"activeRunways":{"LFPG":{"arr":["26L","27R"],"dep":["26R","27L"]}},"unactiveRunway":{"LFPO":{"arr":["06"],"dep":["07"]}}}},"geometry":{"type":"MultiPoint","coordinates":[[1.570556,49.3],[1.570556,49.3]]}},
{"type":"Feature","properties":{"uuid":"Paris_Configuration_text_IPOW","textStyle":{"color":[201,201,201],"fontFamily":"Open Sans","fontSize":18,"fontWeight":400,"text":"EI"},"activation":{"activeRunways":{"LFPG":{"arr":["08R","09L"],"dep":["08L","09R"]}},"unactiveRunway":{"LFPO":{"arr":["06"],"dep":["07"]}}}},"geometry":{"type":"MultiPoint","coordinates":[[2.339134,48.858413]]}},
{"type":"Feature","properties":{"uuid":"Paris_Configuration_text_IPOW","textStyle":{"color":[201,201,201],"fontFamily":"Open Sans","fontSize":18,"fontWeight":400,"text":"Configuration EI"},"activation":{"activeRunways":{"LFPG":{"arr":["08R","09L"],"dep":["08L","09R"]}},"unactiveRunway":{"LFPO":{"arr":["06"],"dep":["07"]}}}},"geometry":{"type":"MultiPoint","coordinates":[[2.475402,49.902258]]}},
{"type":"Feature","properties":{"name":"Paris Procedure Lines IPOW","lineStyle":{"color":[145,189,141],"width":1},"activation":{"activeRunways":{"LFPG":{"arr":["08R","09L"],"dep":["08L","09R"]}},"unactiveRunway":{"LFPO":{"arr":["06"],"dep":["07"]}}}},"geometry":{"type":"MultiLineString","coordinates":[[[3.329982,49.386986],[3.209213,49.354556]],[[3.096648,49.330551],[3.091768,49.322856],[3.103539,49.319667]],[[3.075885,49.318557],[2.966171,49.288778]],[[2.890457,49.317667],[2.925374,49.184566]],[[2.849249,49.256889],[2.732866,49.224988]],[[2.815395,49.14232],[2.935763,49.160268]],[[3.186492,49.197212],[3.308722,49.215004]],[[3.433328,49.232996],[3.558775,49.250961]],[[2.587658,49.267586],[2.672669,49.189676]],[[2.446538,49.178337],[2.573528,49.181056]],[[2.582223,49.18713],[2.573528,49.181056],[2.582792,49.175356]],[[2.462785,49.106026],[2.589611,49.108278]],[[2.598345,49.11432],[2.589611,49.108278],[2.598813,49.102544]],[[1.621267,49.223586],[1.67182,49.147175]],[[1.808738,49.21555],[1.860037,49.139353]],[[1.653812,49.055811],[1.709722,49.089694],[1.836456,49.092785]],[[1.844161,49.098225],[1.836456,49.092785],[1.844739,49.087725]],[[1.496723,48.909343],[1.495222,48.959306],[1.550916,48.993264]],[[1.228508,48.797996],[1.472925,48.799581]],[[1.500084,48.796976],[1.501572,48.747011]],[[1.668605,48.794581],[1.635278,48.749722],[1.705003,48.769022]],[[1.593893,48.693894],[1.560697,48.649014]],[[3.352152,48.701594],[3.457921,48.656498]],[[3.307288,48.663466],[3.398942,48.606464]],[[3.140048,48.791493],[3.246195,48.746592]],[[3.123375,48.777261],[3.215435,48.7204]],[[2.938373,48.840704],[3.013861,48.844639]],[[2.733695,48.93115],[2.859333,48.937722],[3.013861,48.844639]],[[2.741892,48.937492],[2.733695,48.93115],[2.743319,48.92575]],[[2.505231,48.819734],[2.623056,48.839472],[2.743958,48.859584]],[[2.623056,48.839472],[2.606111,48.831253],[2.586417,48.821694],[2.522947,48.79084]],[[2.586417,48.821694],[2.712142,48.82861]],[[2.238059,48.801873],[2.363686,48.809144]],[[2.973203,48.764808],[2.888514,48.60235]],[[2.030651,48.323997],[2.131113,48.441237]],[[2.20933,48.324792],[2.196413,48.45964]],[[2.406426,48.320656],[2.395184,48.456626]],[[2.626246,48.316998],[2.615004,48.451867]],[[2.811778,48.439333],[2.822147,48.301725]],[[2.238033,48.567388],[2.342801,48.683751]],[[2.523871,48.644256],[2.585583,48.711064],[2.65361,48.744267]],[[2.534396,48.96799],[2.563338,48.964536]],[[2.778613,48.9504],[2.908735,48.941446]],[[1.75486,48.677276],[1.899812,48.664007]],[[2.022758,48.80536],[2.012233,48.747984],[2.086384,48.723373]],[[2.636935,49.02722],[2.682389,49.029639]],[[2.706619,49.030893],[2.829282,49.036863]],[[2.677752,49.002334],[2.723188,49.004709]],[[2.76975,49.007111],[2.8657,48.997668]],[[1.329156,49.031244],[1.590686,49.029737]]]}},
{"type":"Feature","properties":{"name":"Paris Procedures Lines IPOW","lineStyle":{"color":[145,189,141],"width":1},"activation":{"activeRunways":{"LFPG":{"arr":["08R","09L"],"dep":["08L","09R"]}},"unactiveRunway":{"LFPO":{"arr":["06"],"dep":["07"]}}}},"geometry":{"type":"MultiLineString","coordinates":[[[1.728142,48.392458],[1.975164,48.40221]],[[2.227494,48.677758],[2.217401,48.633531],[2.257101,48.596608]],[[2.320688,48.535827],[2.373509,48.495712],[2.451226,48.494374]],[[2.770171,48.516219],[2.840487,48.53204],[2.899027,48.56567]]]}},
{"type":"Feature","properties":{"name":"KOLIV","pointStyle":{"type":"cross_large","color":[145,189,141]},"activation":{"activeRunways":{"LFPG":{"arr":["08R","09L"],"dep":["08L","09R"]}},"unactiveRunway":{"LFPO":{"arr":["06"],"dep":["07"]}}}},"geometry":{"type":"MultiPoint","coordinates":[[1.570556,49.299972]]}},
{"type":"Feature","properties":{"name":"ABOBO","pointStyle":{"type":"cross","color":[145,189,141]},"activation":{"activeRunways":{"LFPG":{"arr":["08R","09L"],"dep":["08L","09R"]}},"unactiveRunway":{"LFPO":{"arr":["06"],"dep":["07"]}}}},"geometry":{"type":"MultiPoint","coordinates":[[2.191528,48.509611]]}},
{"type":"Feature","properties":{"name":"LAPAX","pointStyle":{"type":"cross","color":[145,189,141]},"activation":{"activeRunways":{"LFPG":{"arr":["08R","09L"],"dep":["08L","09R"]}},"unactiveRunway":{"LFPO":{"arr":["06"],"dep":["07"]}}}},"geometry":{"type":"MultiPoint","coordinates":[[2.392417,48.498528]]}},
{"type":"Feature","properties":{"name":"OSTIP","pointStyle":{"type":"cross","color":[145,189,141]},"activation":{"activeRunways":{"LFPG":{"arr":["08R","09L"],"dep":["08L","09R"]}},"unactiveRunway":{"LFPO":{"arr":["06"],"dep":["07"]}}}},"geometry":{"type":"MultiPoint","coordinates":[[2.610972,48.4895]]}},
{"type":"Feature","properties":{"name":"OXCEL","pointStyle":{"type":"cross","color":[145,189,141]},"activation":{"activeRunways":{"LFPG":{"arr":["08R","09L"],"dep":["08L","09R"]}},"unactiveRunway":{"LFPO":{"arr":["06"],"dep":["07"]}}}},"geometry":{"type":"MultiPoint","coordinates":[[2.389778,48.730139]]}},
{"type":"Feature","properties":{"name":"KELUD","pointStyle":{"type":"cross","color":[145,189,141]},"activation":{"activeRunways":{"LFPG":{"arr":["08R","09L"],"dep":["08L","09R"]}},"unactiveRunway":{"LFPO":{"arr":["06"],"dep":["07"]}}}},"geometry":{"type":"MultiPoint","coordinates":[[2.394472,48.801056]]}},
{"type":"Feature","properties":{"name":"BSN","pointStyle":{"type":"cross","color":[145,189,141]},"activation":{"activeRunways":{"LFPG":{"arr":["08R","09L"],"dep":["08L","09R"]}},"unactiveRunway":{"LFPO":{"arr":["06"],"dep":["07"]}}}},"geometry":{"type":"MultiPoint","coordinates":[[3.056528,49.188306]]}},
{"type":"Feature","properties":{"uuid":"Paris_Configuration_Text_WL","textStyle":{"color":[201,201,201],"fontFamily":"Open Sans","fontSize":18,"fontWeight":400,"text":"WL"},"activation":{"activeRunways":{"LFPG":{"arr":["26L","27R"],"dep":["26R","27L"]}},"unactiveRunway":{"LFPO":{"arr":["06"],"dep":["07"]}}}},"geometry":{"type":"MultiPoint","coordinates":[[2.339134,48.858413]]}},
{"type":"Feature","properties":{"uuid":"Paris_Configuration_Text_WL","textStyle":{"color":[201,201,201],"fontFamily":"Open Sans","fontSize":18,"fontWeight":400,"text":"Configuration WL"},"activation":{"activeRunways":{"LFPG":{"arr":["26L","26R"],"dep":["26R","27L"]}},"unactiveRunway":{"LFPO":{"arr":["06"],"dep":["07"]}}}},"geometry":{"type":"MultiPoint","coordinates":[[2.475402,49.902258]]}},
{"type":"Feature","properties":{"name":"Paris Procedure Lines WL","lineStyle":{"color":[145,189,141],"width":1},"activation":{"activeRunways":{"LFPG":{"arr":["26L","27R"],"dep":["26R","27L"]}},"unactiveRunway":{"LFPO":{"arr":["06"],"dep":["07"]}}}},"geometry":{"type":"MultiLineString","coordinates":[[[1.333352,49.040921],[1.628722,49.064611]],[[1.281138,48.920239],[1.576017,48.939009]],[[1.537619,49.525627],[1.606444,49.455444],[1.734031,49.451224]],[[1.592541,48.63424],[1.679789,48.694221]],[[1.769108,48.690084],[1.922695,48.658128]],[[1.850229,48.762308],[1.774778,48.75925],[1.827354,48.79517]],[[1.787208,48.844926],[1.740083,48.767667],[1.842777,48.719447]],[[1.91109,48.852225],[1.963861,48.888083],[2.039354,48.892503]],[[1.766631,48.950734],[1.892583,48.958306],[1.767864,48.972245]],[[2.065332,48.935828],[2.189254,48.919531]],[[2.178766,48.998605],[2.233014,48.963636]],[[2.320432,48.982955],[2.19434,48.975903]],[[2.146639,49.038306],[2.27286,49.031179]],[[2.219708,49.091605],[2.349124,49.088276]],[[2.334744,49.101572],[2.381752,49.052114]],[[2.358028,48.946135],[2.311856,48.932533]],[[2.38385,48.912065],[2.459417,48.916222],[2.535238,48.917129]],[[2.28937,48.906796],[2.213833,48.902528]],[[2.204164,48.90789],[2.213833,48.902528],[2.2057,48.896154]],[[2.534362,48.839681],[2.545341,48.835575],[2.53912,48.828328]],[[2.545341,48.835575],[2.70044,48.863773]],[[1.884302,49.28596],[2.011297,49.280058]],[[2.060987,49.288785],[2.130815,49.400631]],[[2.076685,49.439188],[2.153194,49.436361],[2.226358,49.421524]],[[1.971601,49.751263],[2.061841,49.595328]],[[2.363906,49.722005],[2.351588,49.555621]],[[2.664253,49.679914],[2.568659,49.525354]],[[2.4738,49.370935],[2.406527,49.260788]],[[2.533611,49.358611],[2.655144,49.333455]],[[2.471643,49.257486],[2.514778,49.255278],[2.597441,49.245586]],[[2.715,49.231694],[2.840115,49.216769]],[[3.388629,49.347023],[3.325972,49.2745]],[[3.636941,49.211433],[3.577694,49.13775]],[[3.506069,49.090529],[3.434579,49.043264]],[[3.190298,48.880735],[3.277343,48.93883]],[[3.277389,48.94716],[3.277343,48.93883],[3.289987,48.938877]],[[3.205724,48.854357],[3.269036,48.782307]],[[3.317922,48.892687],[3.374837,48.8278]],[[3.332167,48.710222],[3.387111,48.613833]],[[3.437904,48.75567],[3.500792,48.683505]],[[1.975113,48.823555],[1.98658,48.721922]],[[2.51031,48.602376],[2.63804,48.470762]],[[2.351724,48.59241],[2.460079,48.46077]],[[2.188832,48.581493],[2.285706,48.44792]],[[2.04388,48.572947],[2.120662,48.437924]],[[1.997237,48.568674],[2.000825,48.42983]],[[2.393631,49.014118],[2.444111,49.016889]],[[2.433378,48.989207],[2.483834,48.991972]]]}},
{"type":"Feature","properties":{"name":"Paris WL Procedure Reference Green","lineStyle":{"color":[145,189,141],"width":1},"activation":{"activeRunways":{"LFPG":{"arr":["26L","27R"],"dep":["26R","27L"]}},"unactiveRunway":{"LFPO":{"arr":["06"],"dep":["07"]}}}},"geometry":{"type":"MultiLineString","coordinates":[[[1.726389,48.393611],[1.975164,48.40221]],[[2.770171,48.516219],[2.840487,48.53204],[2.899027,48.56567]],[[2.227494,48.677758],[2.217401,48.633531],[2.257101,48.596608]],[[2.320688,48.535827],[2.373509,48.495712],[2.451226,48.494374]]]}},
{"type":"Feature","properties":{"uuid":"Paris_Configuration_Text_EL","textStyle":{"color":[201,201,201],"fontFamily":"Open Sans","fontSize":18,"fontWeight":400,"text":"EL"},"activation":{"activeRunways":{"LFPG":{"arr":["08R","09L"],"dep":["08L","09R"]}},"unactiveRunway":{"LFPO":{"arr":["25"],"dep":["24"]}}}},"geometry":{"type":"MultiPoint","coordinates":[[2.339134,48.858413]]}},
{"type":"Feature","properties":{"uuid":"Paris_Configuration_Text_EL","textStyle":{"color":[201,201,201],"fontFamily":"Open Sans","fontSize":18,"fontWeight":400,"text":"Configuration EL"},"activation":{"activeRunways":{"LFPG":{"arr":["08R","09L"],"dep":["08L","09R"]}},"unactiveRunway":{"LFPO":{"arr":["25"],"dep":["24"]}}}},"geometry":{"type":"MultiPoint","coordinates":[[2.475402,49.902258]]}},
{"type":"Feature","properties":{"name":"Paris Procedure Lines EL","lineStyle":{"color":[145,189,141],"width":1},"activation":{"activeRunways":{"LFPG":{"arr":["08R","09L"],"dep":["08L","09R"]}},"unactiveRunway":{"LFPO":{"arr":["25"],"dep":["24"]}}}},"geometry":{"type":"MultiLineString","coordinates":[[[3.329982,49.386986],[3.209213,49.354556]],[[3.096648,49.330551],[3.091768,49.322856],[3.103539,49.319667]],[[3.075885,49.318557],[2.966171,49.288778]],[[2.890457,49.317667],[2.925374,49.184566]],[[2.849249,49.256889],[2.732866,49.224988]],[[2.815395,49.14232],[2.935763,49.160268]],[[3.186492,49.197212],[3.308722,49.215004]],[[3.433328,49.232996],[3.558775,49.250961]],[[2.587658,49.267586],[2.672669,49.189676]],[[2.446538,49.178337],[2.573528,49.181056]],[[2.582223,49.18713],[2.573528,49.181056],[2.582792,49.175356]],[[2.462785,49.106026],[2.589611,49.108278]],[[2.598345,49.11432],[2.589611,49.108278],[2.598813,49.102544]],[[1.621267,49.223586],[1.67182,49.147175]],[[1.808738,49.21555],[1.860037,49.139353]],[[1.653812,49.055811],[1.709722,49.089694],[1.836456,49.092785]],[[1.844161,49.098225],[1.836456,49.092785],[1.844739,49.087725]],[[1.496723,48.909343],[1.495222,48.959306],[1.550916,48.993264]],[[1.228508,48.797996],[1.472925,48.799581]],[[1.500084,48.796976],[1.501572,48.747011]],[[1.668605,48.794581],[1.635278,48.749722],[1.705003,48.769022]],[[1.593893,48.693894],[1.560697,48.649014]],[[3.352152,48.701594],[3.457921,48.656498]],[[3.307288,48.663466],[3.398942,48.606464]],[[3.140048,48.791493],[3.246195,48.746592]],[[3.123375,48.777261],[3.215435,48.7204]],[[2.938373,48.840704],[3.013861,48.844639]],[[2.733695,48.93115],[2.859333,48.937722],[3.013861,48.844639]],[[2.741892,48.937492],[2.733695,48.93115],[2.743319,48.92575]],[[2.505231,48.819734],[2.623056,48.839472],[2.743958,48.859584]],[[2.623056,48.839472],[2.606111,48.831253],[2.586417,48.821694],[2.522947,48.79084]],[[2.586417,48.821694],[2.712142,48.82861]],[[2.238059,48.801873],[2.363686,48.809144]],[[2.973203,48.764808],[2.888514,48.60235]],[[2.030651,48.323997],[2.131113,48.441237]],[[2.20933,48.324792],[2.196413,48.45964]],[[2.406426,48.320656],[2.395184,48.456626]],[[2.626246,48.316998],[2.615004,48.451867]],[[2.811778,48.439333],[2.822147,48.301725]],[[2.238033,48.567388],[2.342801,48.683751]],[[2.523871,48.644256],[2.585583,48.711064],[2.65361,48.744267]],[[2.534396,48.96799],[2.563338,48.964536]],[[2.778613,48.9504],[2.908735,48.941446]],[[1.75486,48.677276],[1.899812,48.664007]],[[2.022758,48.80536],[2.012233,48.747984],[2.086384,48.723373]],[[2.636935,49.02722],[2.682389,49.029639]],[[2.706619,49.030893],[2.829282,49.036863]],[[2.677752,49.002334],[2.723188,49.004709]],[[2.76975,49.007111],[2.8657,48.997668]],[[1.329156,49.031244],[1.590686,49.029737]]]}},
{"type":"Feature","properties":{"name":"Paris EL Procedure Reference Green","lineStyle":{"color":[145,189,141],"width":1},"activation":{"activeRunways":{"LFPG":{"arr":["08R","09L"],"dep":["08L","09R"]}},"unactiveRunway":{"LFPO":{"arr":["25"],"dep":["24"]}}}},"geometry":{"type":"MultiLineString","coordinates":[[[2.641283,48.406338],[2.890249,48.406784]],[[2.639265,48.459912],[2.813333,48.455833]]]}},
{"type":"Feature","properties":{"name":"KOLIV","pointStyle":{"type":"cross_large","color":[145,189,141]},"activation":{"activeRunways":{"LFPG":{"arr":["08R","09L"],"dep":["08L","09R"]}},"unactiveRunway":{"LFPO":{"arr":["25"],"dep":["24"]}}}},"geometry":{"type":"MultiPoint","coordinates":[[1.570556,49.299972]]}},
{"type":"Feature","properties":{"name":"ABOBO","pointStyle":{"type":"cross","color":[145,189,141]},"activation":{"activeRunways":{"LFPG":{"arr":["08R","09L"],"dep":["08L","09R"]}},"unactiveRunway":{"LFPO":{"arr":["25"],"dep":["24"]}}}},"geometry":{"type":"MultiPoint","coordinates":[[2.191528,48.509611]]}},
{"type":"Feature","properties":{"name":"LAPAX","pointStyle":{"type":"cross","color":[145,189,141]},"activation":{"activeRunways":{"LFPG":{"arr":["08R","09L"],"dep":["08L","09R"]}},"unactiveRunway":{"LFPO":{"arr":["25"],"dep":["24"]}}}},"geometry":{"type":"MultiPoint","coordinates":[[2.392417,48.498528]]}},
{"type":"Feature","properties":{"name":"OSTIP","pointStyle":{"type":"cross","color":[145,189,141]},"activation":{"activeRunways":{"LFPG":{"arr":["08R","09L"],"dep":["08L","09R"]}},"unactiveRunway":{"LFPO":{"arr":["25"],"dep":["24"]}}}},"geometry":{"type":"MultiPoint","coordinates":[[2.610972,48.4895]]}},
{"type":"Feature","properties":{"name":"OXCEL","pointStyle":{"type":"cross","color":[145,189,141]},"activation":{"activeRunways":{"LFPG":{"arr":["08R","09L"],"dep":["08L","09R"]}},"unactiveRunway":{"LFPO":{"arr":["25"],"dep":["24"]}}}},"geometry":{"type":"MultiPoint","coordinates":[[2.389778,48.730139]]}},
{"type":"Feature","properties":{"name":"KELUD","pointStyle":{"type":"cross","color":[145,189,141]},"activation":{"activeRunways":{"LFPG":{"arr":["08R","09L"],"dep":["08L","09R"]}},"unactiveRunway":{"LFPO":{"arr":["25"],"dep":["24"]}}}},"geometry":{"type":"MultiPoint","coordinates":[[2.394472,48.801056]]}},
{"type":"Feature","properties":{"name":"BSN","pointStyle":{"type":"cross","color":[145,189,141]},"activation":{"activeRunways":{"LFPG":{"arr":["08R","09L"],"dep":["08L","09R"]}},"unactiveRunway":{"LFPO":{"arr":["25"],"dep":["24"]}}}},"geometry":{"type":"MultiPoint","coordinates":[[3.056528,49.188306]]}},
{"type":"Feature","properties":{"name":"Paris-Beauvais ILS 12","lineStyle":{"color":[14,14,14],"width":1},"activation":{"activeRunways":{"LFOB":{"arr":["12"]}}}},"geometry":{"type":"MultiLineString","coordinates":[[[1.784304,49.596029],[1.67722,49.641806]],[[1.891188,49.550151],[1.997872,49.504172]],[[1.876565,49.54938],[1.889107,49.551046],[1.886547,49.559206]],[[1.928275,49.529194],[1.935337,49.536139]],[[1.994393,49.500678],[2.001461,49.507619]]]}},
{"type":"Feature","properties":{"name":"Paris-Beauvais ILS 30","lineStyle":{"color":[14,14,14],"width":1},"activation":{"activeRunways":{"LFOB":{"arr":["30"]}}}},"geometry":{"type":"MultiLineString","coordinates":[[[2.449685,49.307147],[2.555271,49.260598]],[[2.352712,49.342643],[2.35025,49.350815],[2.362759,49.352424]],[[2.3439,49.353598],[2.237916,49.399952]],[[2.225092,49.400538],[2.232186,49.407462]],[[2.304336,49.365911],[2.311437,49.372829]]]}},
{"type":"Feature","properties":{"name":"Paris-Orly ILS 06","lineStyle":{"color":[172,229,173],"width":2,"dashArray":[2.0,2.0]},"activation":{"activeRunways":{"LFPO":{"arr":["06"]}}}},"geometry":{"type":"MultiLineString","coordinates":[[[1.786099,48.530131],[2.003714,48.608342]],[[1.943911,48.597825],[1.963407,48.593974],[1.957601,48.581042]],[[2.13954,48.656966],[2.073135,48.633267]]]}},
{"type":"Feature","properties":{"name":"Paris-Orly ILS 07","lineStyle":{"color":[172,229,173],"width":2,"dashArray":[2.0,2.0]},"activation":{"activeRunways":{"LFPO":{"arr":["07"]}}}},"geometry":{"type":"MultiLineString","coordinates":[[[2.082876,48.668077],[2.1555,48.681667]],[[2.088962,48.679137],[2.106748,48.672553],[2.096808,48.660775]]]}},
{"type":"Feature","properties":{"name":"Paris-Orly RNP 02","lineStyle":{"color":[172,229,173],"width":2,"dashArray":[2.0,2.0]},"activation":{"activeRunways":{"LFPO":{"arr":["02"]}}}},"geometry":{"type":"MultiLineString","coordinates":[[[2.286761,48.537482],[2.310583,48.585306]],[[2.276664,48.547604],[2.29482,48.55367],[2.303953,48.541616]]]}},
{"type":"Feature","properties":{"name":"Paris-Orly ILS 25","lineStyle":{"color":[172,229,173],"width":2,"dashArray":[2.0,2.0]},"activation":{"activeRunways":{"LFPO":{"arr":["25"]}}}},"geometry":{"type":"MultiLineString","coordinates":[[[2.599,48.763528],[2.671902,48.776792]],[[2.657689,48.784106],[2.647597,48.772376],[2.665342,48.765706]]]}},
{"type":"Feature","properties":{"name":"Paris-Orly ILS 24","lineStyle":{"color":[172,229,173],"width":2,"dashArray":[2.0,2.0]},"activation":{"activeRunways":{"LFPO":{"arr":["24"]}}}},"geometry":{"type":"MultiLineString","coordinates":[[[2.546556,48.800917],[2.613405,48.824344]],[[2.597109,48.82944],[2.591115,48.81654],[2.610647,48.81258]]]}},
{"type":"Feature","properties":{"name":"Villacoublay ILS 27","lineStyle":{"color":[172,229,173],"width":2,"dashArray":[2.0,2.0]},"activation":{"activeRunways":{"LFPV":{"arr":["27"]}}}},"geometry":{"type":"MultiLineString","coordinates":[[[2.401722,48.778139],[2.477278,48.779389]],[[2.45357,48.788605],[2.439521,48.778813],[2.454336,48.769529]]]}},
{"type":"Feature","properties":{"name":"Paris-Saclay RNP 07L","lineStyle":{"color":[172,229,173],"width":2,"dashArray":[2.0,2.0]},"activation":{"activeRunways":{"LFPN":{"arr":["07L"]}}}},"geometry":{"type":"MultiLineString","coordinates":[[[1.810111,48.706028],[1.84675,48.694194],[1.828873,48.669943]]]}},
{"type":"Feature","properties":{"name":"Villacoublay ILS 09","lineStyle":{"color":[172,229,173],"width":2,"dashArray":[2.0,2.0]},"activation":{"activeRunways":{"LFPV":{"arr":["09"]}}}},"geometry":{"type":"MultiLineString","coordinates":[[[1.949627,48.778791],[1.964521,48.769563],[1.950562,48.759719]],[[2.002306,48.770361],[1.926737,48.768752]]]}},
{"type":"Feature","properties":{"name":"Paris-Orly ILS 24","lineStyle":{"color":[172,229,173],"width":2},"activation":{"activeRunways":{"LFPO":{"arr":["24"]}}}},"geometry":{"type":"MultiLineString","coordinates":[[[2.613405,48.824344],[2.739326,48.86831]],[[2.494089,48.782487],[2.471837,48.774659]],[[2.449591,48.766827],[2.427352,48.758991]],[[2.405121,48.75115],[2.382896,48.743305]]]}},
{"type":"Feature","properties":{"name":"Paris-Orly ILS 25","lineStyle":{"color":[172,229,173],"width":2},"activation":{"activeRunways":{"LFPO":{"arr":["25"]}}}},"geometry":{"type":"MultiLineString","coordinates":[[[2.671902,48.776792],[2.98383,48.832949]],[[2.730635,48.797334],[2.720525,48.78561],[2.738265,48.778929]],[[2.5477,48.754166],[2.523418,48.749723]],[[2.499139,48.745275],[2.474865,48.740821]],[[2.450595,48.736363],[2.42633,48.7319]]]}},
{"type":"Feature","properties":{"name":"Paris-Orly RNP 02","lineStyle":{"color":[172,229,173],"width":2},"activation":{"activeRunways":{"LFPO":{"arr":["02"]}}}},"geometry":{"type":"MultiLineString","coordinates":[[[2.368772,48.701729],[2.360852,48.685915]],[[2.352936,48.670101],[2.345026,48.654286]],[[2.33712,48.638471],[2.32922,48.622655]],[[2.286761,48.537482],[2.180029,48.322045]],[[2.253076,48.500143],[2.271211,48.506213],[2.280341,48.49416]]]}},
{"type":"Feature","properties":{"name":"Paris-Saclay RNP 25R","lineStyle":{"color":[172,229,173],"width":2},"activation":{"activeRunways":{"LFPN":{"arr":["25R"]}}}},"geometry":{"type":"MultiLineString","coordinates":[[[2.292389,48.794556],[2.388005,48.815812]],[[2.337317,48.814623],[2.328236,48.802536],[2.346531,48.796537]]]}},
{"type":"Feature","properties":{"name":"Villacoublay ILS 27","lineStyle":{"color":[172,229,173],"width":2},"activation":{"activeRunways":{"LFPV":{"arr":["27"]}}}},"geometry":{"type":"MultiLineString","coordinates":[[[2.552923,48.780761],[2.477278,48.779389]]]}},
{"type":"Feature","properties":{"name":"Villacoublay ILS 09","lineStyle":{"color":[172,229,173],"width":2},"activation":{"activeRunways":{"LFPV":{"arr":["09"]}}}},"geometry":{"type":"MultiLineString","coordinates":[[[1.851175,48.767094],[1.926737,48.768752]]]}},
{"type":"Feature","properties":{"name":"Paris-Saclay RNP 07L","lineStyle":{"color":[172,229,173],"width":2},"activation":{"activeRunways":{"LFPN":{"arr":["07L"]}}}},"geometry":{"type":"MultiLineString","coordinates":[[[1.775357,48.677916],[1.918139,48.710417]]]}},
{"type":"Feature","properties":{"name":"Paris-Orly ILS 07","lineStyle":{"color":[172,229,173],"width":2},"activation":{"activeRunways":{"LFPO":{"arr":["07"]}}}},"geometry":{"type":"MultiLineString","coordinates":[[[2.08279,48.668063],[1.753698,48.605796]],[[2.016362,48.665501],[2.034152,48.658929],[2.024232,48.647145]],[[2.213166,48.69243],[2.237393,48.696939]],[[2.261624,48.701443],[2.285859,48.705942]],[[2.310099,48.710436],[2.334343,48.714924]]]}},
{"type":"Feature","properties":{"name":"Paris-Orly ILS 06","lineStyle":{"color":[172,229,173],"width":2},"activation":{"activeRunways":{"LFPO":{"arr":["06"]}}}},"geometry":{"type":"MultiLineString","coordinates":[[[2.294721,48.712113],[2.272531,48.704248]],[[2.250347,48.696378],[2.228171,48.688503]],[[2.206001,48.680625],[2.183838,48.672742]],[[2.073135,48.633267],[2.003714,48.608342]],[[2.010208,48.621598],[2.029708,48.617736],[2.023883,48.604807]]]}},
{"type":"Feature","properties":{"name":"Paris-CDG NOZ 27","lineStyle":{"color":[22,22,22],"width":1,"dashArray":[2.0,5.0]},"activation":{"activeRunways":{"LFPG":{"arr":["27L","27R"]}}}},"geometry":{"type":"MultiLineString","coordinates":[[[2.562839,49.017414],[3.231024,49.05126]]]}},
{"type":"Feature","properties":{"name":"Paris-CDG NOZ 26","lineStyle":{"color":[22,22,22],"width":1,"dashArray":[2.0,5.0]},"activation":{"activeRunways":{"LFPG":{"arr":["26L","26R"]}}}},"geometry":{"type":"MultiLineString","coordinates":[[[2.601295,49.004158],[3.232706,49.036012]],[[2.603174,48.988871],[3.234393,49.020715]]]}},
{"type":"Feature","properties":{"name":"Paris-Le Bourget NOZ 27","lineStyle":{"color":[22,22,22],"width":1,"dashArray":[2.0,5.0]},"activation":{"activeRunways":{"LFPB":{"arr":["27"]}}}},"geometry":{"type":"MultiLineString","coordinates":[[[3.235162,49.013731],[2.500981,48.976646]],[[2.450234,48.970003],[2.586153,48.977337],[2.606138,48.981959]]]}},
{"type":"Feature","properties":{"name":"Paris-CDG NOZ 09","lineStyle":{"color":[22,22,22],"width":1,"dashArray":[2.0,5.0]},"activation":{"activeRunways":{"LFPG":{"arr":["09L","09R"]}}}},"geometry":{"type":"MultiLineString","coordinates":[[[2.513786,49.014779],[1.883182,48.978993]]]}},
{"type":"Feature","properties":{"name":"NOZ Paris-CDG NOZ 08","lineStyle":{"color":[22,22,22],"width":1,"dashArray":[2.0,5.0]},"activation":{"activeRunways":{"LFPG":{"arr":["08L","08R"]}}}},"geometry":{"type":"MultiLineString","coordinates":[[[1.885272,48.96378],[2.55202,49.001524]]]}},
{"type":"Feature","properties":{"name":"Paris-Le Bourget NOZ 07","lineStyle":{"color":[22,22,22],"width":1,"dashArray":[2.0,5.0]},"activation":{"activeRunways":{"LFPB":{"arr":["07"]}}}},"geometry":{"type":"MultiLineString","coordinates":[[[2.434796,48.970405],[2.463294,48.978042],[2.508023,48.97505]]]}},
{"type":"Feature","properties":{"name":"Paris-CDG ILS 27R","lineStyle":{"color":[172,229,173],"width":2,"dashArray":[2.0,2.0]},"activation":{"activeRunways":{"LFPG":{"arr":["27R"]}}}},"geometry":{"type":"MultiLineString","coordinates":[[[3.294501,49.063606],[3.370369,49.067159]],[[3.142798,49.056351],[3.218644,49.060004]]]}},
{"type":"Feature","properties":{"name":"Paris-CDG ILS 27L","lineStyle":{"color":[172,229,173],"width":2,"dashArray":[2.0,2.0]},"activation":{"activeRunways":{"LFPG":{"arr":["27L"]}}}},"geometry":{"type":"MultiLineString","coordinates":[[[3.143185,49.052891],[3.219026,49.056541]],[[3.294878,49.060141],[3.370741,49.063691]]]}},
{"type":"Feature","properties":{"name":"Paris-Le Bourget ILS 27","lineStyle":{"color":[172,229,173],"width":2,"dashArray":[2.0,2.0]},"activation":{"activeRunways":{"LFPB":{"arr":["27"]}}}},"geometry":{"type":"MultiLineString","coordinates":[[[3.177374,49.002663],[3.253141,49.006289]],[[3.101617,48.998988],[3.056168,48.996759]]]}},
{"type":"Feature","properties":{"name":"Paris-CDG ILS 26R","lineStyle":{"color":[172,229,173],"width":2,"dashArray":[2.0,2.0]},"activation":{"activeRunways":{"LFPG":{"arr":["26R"]}}}},"geometry":{"type":"MultiLineString","coordinates":[[[3.334433,49.034961],[3.41026,49.038486]],[[3.182811,49.027762],[3.258617,49.031386]]]}},
{"type":"Feature","properties":{"name":"Paris-CDG ILS 26L","lineStyle":{"color":[172,229,173],"width":2,"dashArray":[2.0,2.0]},"activation":{"activeRunways":{"LFPG":{"arr":["26L"]}}}},"geometry":{"type":"MultiLineString","coordinates":[[[3.334807,49.031501],[3.410629,49.035024]],[[3.183194,49.024305],[3.258995,49.027928]]]}},
{"type":"Feature","properties":{"name":"Paris-Le Bourget ILS 27","lineStyle":{"color":[172,229,173],"width":2},"activation":{"activeRunways":{"LFPB":{"arr":["27"]}}}},"geometry":{"type":"MultiLineString","coordinates":[[[3.056168,48.996759],[3.025871,48.995263]],[[2.971099,48.986631],[2.961497,48.992057],[2.950137,48.991488],[2.874414,48.987663]],[[2.868215,48.993255],[2.859982,48.986929]],[[2.798703,48.983789],[2.723004,48.979865]],[[2.725778,48.974101],[2.716151,48.979507]],[[2.665189,48.981013],[2.666199,48.972709]],[[2.647318,48.975892],[2.571643,48.971868]],[[2.546421,48.970516],[2.5212,48.969159]],[[2.505356,48.964124],[2.50432,48.972426]],[[2.470763,48.966427],[2.495981,48.967796]],[[2.475325,48.972981],[2.504838,48.968275]]]}},
{"type":"Feature","properties":{"name":"Paris-CDG ILS 27R","lineStyle":{"color":[172,229,173],"width":2},"activation":{"activeRunways":{"LFPG":{"arr":["27R"]}}}},"geometry":{"type":"MultiLineString","coordinates":[[[3.066962,49.052649],[2.991138,49.048897]],[[2.981583,49.054314],[2.973327,49.047994],[2.98294,49.042568]],[[2.922321,49.049625],[2.92329,49.041319]],[[2.915326,49.045095],[2.839525,49.041243]],[[2.763736,49.037341],[2.687959,49.03339]],[[2.662703,49.032062],[2.637448,49.030728]],[[2.612195,49.029389],[2.586943,49.028044]]]}},
{"type":"Feature","properties":{"name":"Paris-CDG ILS 27L","lineStyle":{"color":[172,229,173],"width":2},"activation":{"activeRunways":{"LFPG":{"arr":["27L"]}}}},"geometry":{"type":"MultiLineString","coordinates":[[[2.587366,49.024602],[2.612616,49.025946]],[[2.637868,49.027285],[2.663121,49.028617]],[[2.688376,49.029945],[2.764148,49.033893]],[[2.839932,49.037792],[2.915728,49.041642]],[[2.922905,49.046181],[2.923873,49.037875]],[[2.982165,49.050869],[2.973908,49.04455],[2.98352,49.039123]],[[2.991535,49.045441],[3.067354,49.049191]]]}},
{"type":"Feature","properties":{"name":"Paris-CDG ILS 26R","lineStyle":{"color":[172,229,173],"width":2},"activation":{"activeRunways":{"LFPG":{"arr":["26R"]}}}},"geometry":{"type":"MultiLineString","coordinates":[[[3.107016,49.024087],[3.037021,49.020649]],[[3.045281,49.026964],[3.037021,49.020649],[3.046621,49.015217]],[[2.955459,49.016589],[2.940312,49.015828],[2.879699,49.012765]],[[2.890293,49.009126],[2.889319,49.01743]],[[2.940312,49.015828],[2.949922,49.010404]],[[2.80395,49.008891],[2.728212,49.004968]],[[2.702969,49.003649],[2.677728,49.002325]],[[2.652487,49.000995],[2.627249,48.99966]]]}},
{"type":"Feature","properties":{"name":"Paris-CDG ILS 26L","lineStyle":{"color":[172,229,173],"width":2},"activation":{"activeRunways":{"LFPG":{"arr":["26L"]}}}},"geometry":{"type":"MultiLineString","coordinates":[[[2.627669,48.996218],[2.652906,48.997553]],[[2.678145,48.998882],[2.703385,49.000206]],[[2.728626,49.001524],[2.804358,49.005445]],[[2.880102,49.009316],[2.955858,49.013138]],[[2.889263,49.013959],[2.890236,49.005653]],[[2.940252,49.012355],[2.949861,49.006931]],[[3.039812,49.023221],[3.031626,49.01691],[3.041152,49.011475]],[[3.031626,49.01691],[3.107404,49.020633]]]}},
{"type":"Feature","properties":{"name":"Paris-CDG Final ILS 09L","lineStyle":{"color":[172,229,173],"width":2,"dashArray":[2.0,2.0]},"activation":{"activeRunways":{"LFPG":{"arr":["09L"]}}}},"geometry":{"type":"MultiLineString","coordinates":[[[1.944577,48.991978],[1.868944,48.987492]],[[1.793325,48.982958],[1.717721,48.978373]]]}},
{"type":"Feature","properties":{"name":"Paris-CDG Final ILS 09R","lineStyle":{"color":[172,229,173],"width":2,"dashArray":[2.0,2.0]},"activation":{"activeRunways":{"LFPG":{"arr":["09R"]}}}},"geometry":{"type":"MultiLineString","coordinates":[[[1.705967,48.97418],[1.781564,48.978773]],[[1.857175,48.983316],[1.932801,48.98781]]]}},
{"type":"Feature","properties":{"name":"Paris-CDG Final ILS 08L","lineStyle":{"color":[172,229,173],"width":2,"dashArray":[2.0,2.0]},"activation":{"activeRunways":{"LFPG":{"arr":["08L"]}}}},"geometry":{"type":"MultiLineString","coordinates":[[[1.972748,48.963071],[1.897156,48.958602]],[[1.821578,48.954084],[1.746015,48.949516]]]}},
{"type":"Feature","properties":{"name":"Paris-CDG Final ILS 08R","lineStyle":{"color":[172,229,173],"width":2,"dashArray":[2.0,2.0]},"activation":{"activeRunways":{"LFPG":{"arr":["08R"]}}}},"geometry":{"type":"MultiLineString","coordinates":[[[1.985687,48.960368],[1.910097,48.955908]],[[1.834522,48.951399],[1.758962,48.94684]]]}},
{"type":"Feature","properties":{"name":"Paris-Le Bourget ILS 07","lineStyle":{"color":[172,229,173],"width":2,"dashArray":[2.0,2.0]},"activation":{"activeRunways":{"LFPB":{"arr":["07"]}}}},"geometry":{"type":"MultiLineString","coordinates":[[[1.816844,48.799826],[1.886702,48.819029]]]}},
{"type":"Feature","properties":{"name":"Paris Final ILS 09R","lineStyle":{"color":[172,229,173],"width":2},"activation":{"activeRunways":{"LFPG":{"arr":["09R"]}}}},"geometry":{"type":"MultiLineString","coordinates":[[[2.487813,49.019251],[2.46257,49.01788]],[[2.437328,49.016503],[2.412087,49.015121]],[[2.386848,49.013733],[2.311139,49.009536]],[[2.235444,49.00529],[2.159763,49.000995]],[[2.179352,49.002111],[2.169661,49.007471]],[[2.230347,49.000823],[2.229265,49.009121]],[[2.00844,48.992254],[2.086252,48.996774]],[[2.076552,49.002126],[2.086252,48.996774],[2.078119,48.990392]]]}},
{"type":"Feature","properties":{"name":"Paris Final ILS 09L","lineStyle":{"color":[172,229,173],"width":2},"activation":{"activeRunways":{"LFPG":{"arr":["09L"]}}}},"geometry":{"type":"MultiLineString","coordinates":[[[2.499645,49.023356],[2.474399,49.021988]],[[2.449154,49.020614],[2.423911,49.019234]],[[2.39867,49.017849],[2.322954,49.013661]],[[2.247251,49.009424],[2.171562,49.005137]],[[2.182045,49.011645],[2.191735,49.006284]],[[2.241654,49.013288],[2.242734,49.00499]],[[2.095886,49.0008],[2.020225,48.996414]],[[2.080501,49.005824],[2.090201,49.000472],[2.082066,48.99409]]]}},
{"type":"Feature","properties":{"name":"Paris Final ILS 08L","lineStyle":{"color":[172,229,173],"width":2},"activation":{"activeRunways":{"LFPG":{"arr":["08L"]}}}},"geometry":{"type":"MultiLineString","coordinates":[[[2.527511,48.994329],[2.502279,48.992966]],[[2.477048,48.991597],[2.451819,48.990223]],[[2.426591,48.988844],[2.350917,48.984672]],[[2.275256,48.980451],[2.199608,48.97618]],[[2.187594,48.979677],[2.188684,48.971379]],[[2.048354,48.96749],[2.137717,48.972648]],[[2.129582,48.96627],[2.137717,48.972648],[2.128027,48.978004]]]}},
{"type":"Feature","properties":{"name":"Paris Final ILS 08R","lineStyle":{"color":[172,229,173],"width":2},"activation":{"activeRunways":{"LFPG":{"arr":["08R"]}}}},"geometry":{"type":"MultiLineString","coordinates":[[[2.540429,48.99156],[2.515198,48.9902]],[[2.489968,48.988834],[2.46474,48.987463]],[[2.439513,48.986087],[2.363842,48.981924]],[[2.288184,48.977712],[2.212539,48.97345]],[[2.201238,48.968629],[2.20015,48.976927]],[[2.06129,48.964778],[2.150275,48.969904]],[[2.140587,48.975261],[2.150275,48.969904],[2.142138,48.963526]]]}},
{"type":"Feature","properties":{"name":"Le Bourget Final ILS 07","lineStyle":{"color":[172,229,173],"width":2},"activation":{"activeRunways":{"LFPB":{"arr":["07"]}}}},"geometry":{"type":"MultiLineString","coordinates":[[[2.400635,48.958562],[2.377212,48.952269]],[[2.353795,48.945971],[2.330384,48.939669]],[[2.306978,48.933362],[2.236798,48.914412]],[[2.216239,48.913353],[2.221039,48.905647]],[[2.155011,48.898626],[2.166671,48.89542],[2.161809,48.887733]],[[2.096598,48.876386],[2.166671,48.89542]],[[1.956613,48.83819],[2.026579,48.857309]]]}},
{"type":"Feature","properties":{"name":"LF-P23","lineStyle":{"color":[58,58,58],"width":2}},"geometry":{"type":"MultiLineString","coordinates":[[[2.291389,48.887778],[2.298056,48.89],[2.306667,48.895278],[2.321944,48.900556],[2.352778,48.901111],[2.378889,48.900278],[2.388611,48.900556],[2.391944,48.899722],[2.393611,48.898333],[2.396944,48.886667],[2.398333,48.884444],[2.401667,48.881944],[2.406944,48.879722],[2.413056,48.871667],[2.413889,48.859722],[2.413889,48.857215],[2.413889,48.853889],[2.415278,48.850833],[2.4125,48.836944],[2.411111,48.835],[2.404722,48.831944],[2.399722,48.828611],[2.391667,48.8275],[2.385556,48.825556],[2.378333,48.821389],[2.363056,48.816111],[2.356111,48.816667],[2.353056,48.818056],[2.350556,48.817778],[2.346944,48.816389],[2.335278,48.816944],[2.3325,48.818611],[2.291111,48.828056],[2.275,48.834722],[2.270556,48.835278],[2.266111,48.834722],[2.258333,48.835556],[2.255278,48.837222],[2.254167,48.839722],[2.255,48.845833],[2.254444,48.847222],[2.252222,48.85],[2.252222,48.851944],[2.254444,48.854167],[2.262778,48.859444],[2.264722,48.862222],[2.267778,48.865],[2.271389,48.869444],[2.276667,48.875],[2.279722,48.876944],[2.283889,48.883056],[2.291389,48.887778]]]}},
{"type":"Feature","properties":{"name":"Paris-CDG Runway NavAids","pointStyle":{"type":"square","color":[18,18,18]}},"geometry":{"type":"MultiPoint","coordinates":[[2.346927,49.013233],[2.41105,48.987969],[2.706769,49.030803],[2.740075,49.006029]]}},
{"type":"Feature","properties":{"name":"VEPET","pointStyle":{"type":"cross","color":[14,14,14]}},"geometry":{"type":"MultiPoint","coordinates":[[1.501111,49.710278]]}},
{"type":"Feature","properties":{"name":"VELOL","pointStyle":{"type":"cross","color":[14,14,14]}},"geometry":{"type":"MultiPoint","coordinates":[[1.286667,49.938611]]}},
{"type":"Feature","properties":{"name":"BIBAX","pointStyle":{"type":"cross","color":[14,14,14]}},"geometry":{"type":"MultiPoint","coordinates":[[1.008056,50.0575]]}},
{"type":"Feature","properties":{"name":"VESAN","pointStyle":{"type":"cross","color":[14,14,14]}},"geometry":{"type":"MultiPoint","coordinates":[[2.026417,50.371889]]}},
{"type":"Feature","properties":{"name":"LUKIP","pointStyle":{"type":"cross","color":[14,14,14]}},"geometry":{"type":"MultiPoint","coordinates":[[0.496389,49.315833]]}},
{"type":"Feature","properties":{"name":"PEXIR","pointStyle":{"type":"cross","color":[14,14,14]}},"geometry":{"type":"MultiPoint","coordinates":[[0.613333,49.202778]]}},
{"type":"Feature","properties":{"name":"PITAV","pointStyle":{"type":"cross","color":[14,14,14]}},"geometry":{"type":"MultiPoint","coordinates":[[0.933333,49.194722]]}},
{"type":"Feature","properties":{"name":"ROMGO","pointStyle":{"type":"cross","color":[14,14,14]}},"geometry":{"type":"MultiPoint","coordinates":[[0.844111,48.346583]]}},
{"type":"Feature","properties":{"name":"NERKI","pointStyle":{"type":"cross","color":[14,14,14]}},"geometry":{"type":"MultiPoint","coordinates":[[1.327139,48.513056]]}},
{"type":"Feature","properties":{"name":"ODILO","pointStyle":{"type":"cross","color":[14,14,14]}},"geometry":{"type":"MultiPoint","coordinates":[[1.571639,48.24175]]}},
{"type":"Feature","properties":{"name":"SOTIP","pointStyle":{"type":"cross","color":[14,14,14]}},"geometry":{"type":"MultiPoint","coordinates":[[1.459889,48.131361]]}},
{"type":"Feature","properties":{"name":"MOLBA","pointStyle":{"type":"cross","color":[14,14,14]}},"geometry":{"type":"MultiPoint","coordinates":[[3.062944,48.295028]]}},
{"type":"Feature","properties":{"name":"EBOMA","pointStyle":{"type":"cross","color":[14,14,14]}},"geometry":{"type":"MultiPoint","coordinates":[[3.206111,48.202139]]}},
{"type":"Feature","properties":{"name":"EPURI","pointStyle":{"type":"cross","color":[14,14,14]}},"geometry":{"type":"MultiPoint","coordinates":[[3.637583,48.457111]]}},
{"type":"Feature","properties":{"name":"URELO","pointStyle":{"type":"cross","color":[14,14,14]}},"geometry":{"type":"MultiPoint","coordinates":[[3.732028,48.538833]]}},
{"type":"Feature","properties":{"name":"OBOBI","pointStyle":{"type":"cross","color":[14,14,14]}},"geometry":{"type":"MultiPoint","coordinates":[[3.080556,49.355556]]}},
{"type":"Feature","properties":{"name":"BAVOL","pointStyle":{"type":"cross","color":[14,14,14]}},"geometry":{"type":"MultiPoint","coordinates":[[3.661667,49.105556]]}},
{"type":"Feature","properties":{"name":"DEVIM","pointStyle":{"type":"cross","color":[14,14,14]}},"geometry":{"type":"MultiPoint","coordinates":[[3.632222,49.450167]]}},
{"type":"Feature","properties":{"name":"ENORI","pointStyle":{"type":"cross","color":[14,14,14]}},"geometry":{"type":"MultiPoint","coordinates":[[3.777944,49.474694]]}},
{"type":"Feature","properties":{"name":"GIMER","pointStyle":{"type":"cross","color":[14,14,14]}},"geometry":{"type":"MultiPoint","coordinates":[[3.973833,49.3655]]}},
{"type":"Feature","properties":{"name":"XERAM","pointStyle":{"type":"cross","color":[14,14,14]}},"geometry":{"type":"MultiPoint","coordinates":[[4.067222,49.596667]]}},
{"type":"Feature","properties":{"name":"SUIPE","pointStyle":{"type":"cross","color":[14,14,14]}},"geometry":{"type":"MultiPoint","coordinates":[[4.265,49.253333]]}},
{"type":"Feature","properties":{"name":"NANOP","pointStyle":{"type":"cross","color":[14,14,14]}},"geometry":{"type":"MultiPoint","coordinates":[[4.239444,48.261944]]}},
{"type":"Feature","properties":{"name":"IPNOB","pointStyle":{"type":"cross_large","color":[145,189,141]}},"geometry":{"type":"MultiPoint","coordinates":[[3.551389,49.595556]]}},
{"type":"Feature","properties":{"name":"LORNI","pointStyle":{"type":"cross_large","color":[145,189,141]}},"geometry":{"type":"MultiPoint","coordinates":[[3.451389,49.419417]]}},
{"type":"Feature","properties":{"name":"VEBEK","pointStyle":{"type":"cross_large","color":[145,189,141]}},"geometry":{"type":"MultiPoint","coordinates":[[3.683056,49.268611]]}},
{"type":"Feature","properties":{"name":"OKIPA","pointStyle":{"type":"cross_large","color":[145,189,141]}},"geometry":{"type":"MultiPoint","coordinates":[[3.5635,48.611306]]}},
{"type":"Feature","properties":{"name":"OKABO","pointStyle":{"type":"cross_large","color":[145,189,141]}},"geometry":{"type":"MultiPoint","coordinates":[[3.490389,48.549389]]}},
{"type":"Feature","properties":{"name":"BANOX","pointStyle":{"type":"cross_large","color":[145,189,141]}},"geometry":{"type":"MultiPoint","coordinates":[[1.5055,48.574194]]}},
{"type":"Feature","properties":{"name":"MOPAR","pointStyle":{"type":"cross_large","color":[145,189,141]}},"geometry":{"type":"MultiPoint","coordinates":[[1.757278,49.291722]]}},
{"type":"Feature","properties":{"name":"INKUD","pointStyle":{"type":"cross","color":[145,189,141]}},"geometry":{"type":"MultiPoint","coordinates":[[3.033278,49.514806]]}},
{"type":"Feature","properties":{"name":"NEPAR","pointStyle":{"type":"cross","color":[145,189,141]}},"geometry":{"type":"MultiPoint","coordinates":[[3.550833,49.086111]]}},
{"type":"Feature","properties":{"name":"LUPAM","pointStyle":{"type":"cross","color":[145,189,141]}},"geometry":{"type":"MultiPoint","coordinates":[[3.549444,48.938056]]}},
{"type":"Feature","properties":{"name":"BEKOS","pointStyle":{"type":"cross","color":[145,189,141]}},"geometry":{"type":"MultiPoint","coordinates":[[3.548056,48.811667]]}},
{"type":"Feature","properties":{"name":"NIPOR","pointStyle":{"type":"cross","color":[145,189,141]}},"geometry":{"type":"MultiPoint","coordinates":[[4.009444,49.116111]]}},
{"type":"Feature","properties":{"name":"DIKOL","pointStyle":{"type":"cross","color":[145,189,141]}},"geometry":{"type":"MultiPoint","coordinates":[[4.049167,49.1375]]}},
{"type":"Feature","properties":{"name":"RANUX","pointStyle":{"type":"cross","color":[145,189,141]}},"geometry":{"type":"MultiPoint","coordinates":[[4.361528,49.138778]]}},
{"type":"Feature","properties":{"name":"LASIV","pointStyle":{"type":"cross","color":[145,189,141]}},"geometry":{"type":"MultiPoint","coordinates":[[4.226944,48.900917]]}},
{"type":"Feature","properties":{"name":"BUBLI","pointStyle":{"type":"cross","color":[145,189,141]}},"geometry":{"type":"MultiPoint","coordinates":[[4.15,48.771611]]}},
{"type":"Feature","properties":{"name":"BAXIR","pointStyle":{"type":"cross","color":[145,189,141]}},"geometry":{"type":"MultiPoint","coordinates":[[3.869917,48.790556]]}},
{"type":"Feature","properties":{"name":"ALIMO","pointStyle":{"type":"cross","color":[145,189,141]}},"geometry":{"type":"MultiPoint","coordinates":[[3.932222,48.715833]]}},
{"type":"Feature","properties":{"name":"PEKIM","pointStyle":{"type":"cross","color":[145,189,141]}},"geometry":{"type":"MultiPoint","coordinates":[[2.825556,48.275833]]}},
{"type":"Feature","properties":{"name":"ODEBU","pointStyle":{"type":"cross","color":[145,189,141]}},"geometry":{"type":"MultiPoint","coordinates":[[2.626111,48.281111]]}},
{"type":"Feature","properties":{"name":"LALUX","pointStyle":{"type":"cross","color":[145,189,141]}},"geometry":{"type":"MultiPoint","coordinates":[[2.408889,48.286389]]}},
{"type":"Feature","properties":{"name":"EDOXA","pointStyle":{"type":"cross","color":[145,189,141]}},"geometry":{"type":"MultiPoint","coordinates":[[2.209444,48.290833]]}},
{"type":"Feature","properties":{"name":"ADADA","pointStyle":{"type":"cross","color":[145,189,141]}},"geometry":{"type":"MultiPoint","coordinates":[[2.003611,48.295]]}},
{"type":"Feature","properties":{"name":"AGOPA","pointStyle":{"type":"cross","color":[145,189,141]}},"geometry":{"type":"MultiPoint","coordinates":[[2.009722,48.083333]]}},
{"type":"Feature","properties":{"name":"ERIXU","pointStyle":{"type":"cross","color":[145,189,141]}},"geometry":{"type":"MultiPoint","coordinates":[[2.259722,48.083333]]}},
{"type":"Feature","properties":{"name":"LATRA","pointStyle":{"type":"cross","color":[145,189,141]}},"geometry":{"type":"MultiPoint","coordinates":[[2.516667,48.083333]]}},
{"type":"Feature","properties":{"name":"OKASI","pointStyle":{"type":"cross","color":[145,189,141]}},"geometry":{"type":"MultiPoint","coordinates":[[2.777778,48.083333]]}},
{"type":"Feature","properties":{"name":"PILUL","pointStyle":{"type":"cross","color":[145,189,141]}},"geometry":{"type":"MultiPoint","coordinates":[[3.048056,48.083333]]}},
{"type":"Feature","properties":{"name":"ELCOB","pointStyle":{"type":"cross","color":[145,189,141]}},"geometry":{"type":"MultiPoint","coordinates":[[1.220861,49.031694]]}},
{"type":"Feature","properties":{"name":"GILTO","pointStyle":{"type":"cross","color":[145,189,141]}},"geometry":{"type":"MultiPoint","coordinates":[[1.76,49.221389]]}},
{"type":"Feature","properties":{"name":"OPALE","pointStyle":{"type":"cross","color":[145,189,141]}},"geometry":{"type":"MultiPoint","coordinates":[[1.885083,49.89975]]}},
{"type":"Feature","properties":{"name":"ATREX","pointStyle":{"type":"cross","color":[145,189,141]}},"geometry":{"type":"MultiPoint","coordinates":[[2.368611,49.785278]]}},
{"type":"Feature","properties":{"name":"EGOZE","pointStyle":{"type":"cross","color":[145,189,141]}},"geometry":{"type":"MultiPoint","coordinates":[[2.489472,49.552639]]}},
{"type":"Feature","properties":{"name":"NURMO","pointStyle":{"type":"cross","color":[145,189,141]}},"geometry":{"type":"MultiPoint","coordinates":[[2.755278,49.826111]]}},
{"type":"Feature","properties":{"name":"CREIL","pointStyle":{"type":"cross","color":[145,189,141]}},"geometry":{"type":"MultiPoint","coordinates":[[2.514778,49.255278]]}},
{"type":"Feature","properties":{"name":"BOV","pointStyle":{"type":"vor_dme","color":[14,14,14]}},"geometry":{"type":"MultiPoint","coordinates":[[2.153194,49.436361]]}},
{"type":"Feature","properties":{"name":"CLM","pointStyle":{"type":"vor_dme","color":[14,14,14]}},"geometry":{"type":"MultiPoint","coordinates":[[3.013861,48.844639]]}},
{"type":"Feature","properties":{"name":"MLN","pointStyle":{"type":"vor_dme","color":[14,14,14]}},"geometry":{"type":"MultiPoint","coordinates":[[2.813278,48.455778]]}},
{"type":"Feature","properties":{"name":"BRY","pointStyle":{"type":"vor_dme","color":[14,14,14]}},"geometry":{"type":"MultiPoint","coordinates":[[3.294778,48.407]]}},
{"type":"Feature","properties":{"name":"EPR","pointStyle":{"type":"vor_dme","color":[14,14,14]}},"geometry":{"type":"MultiPoint","coordinates":[[1.656556,48.625694]]}},
{"type":"Feature","properties":{"name":"CHW","pointStyle":{"type":"vor_dme","color":[14,14,14]}},"geometry":{"type":"MultiPoint","coordinates":[[0.987056,48.48]]}},
{"type":"Feature","properties":{"name":"CAD","pointStyle":{"type":"vor_dme","color":[14,14,14]}},"geometry":{"type":"MultiPoint","coordinates":[[1.387083,48.059167]]}},
{"type":"Feature","properties":{"name":"CAV","pointStyle":{"type":"vor_dme","color":[14,14,14]}},"geometry":{"type":"MultiPoint","coordinates":[[4.146944,48.781083]]}},
{"type":"Feature","properties":{"name":"CMB","pointStyle":{"type":"vor_dme","color":[14,14,14]}},"geometry":{"type":"MultiPoint","coordinates":[[3.1515,50.228139]]}},
{"type":"Feature","properties":{"name":"ROU","pointStyle":{"type":"vor","color":[14,14,14]}},"geometry":{"type":"MultiPoint","coordinates":[[1.280639,49.465639]]}},
{"type":"Feature","properties":{"name":"ABB","pointStyle":{"type":"vor","color":[14,14,14]}},"geometry":{"type":"MultiPoint","coordinates":[[1.854694,50.135139]]}},
{"type":"Feature","properties":{"name":"REM","pointStyle":{"type":"vor","color":[14,14,14]}},"geometry":{"type":"MultiPoint","coordinates":[[4.045361,49.311639]]}},
{"type":"Feature","properties":{"name":"TRO","pointStyle":{"type":"vor","color":[14,14,14]}},"geometry":{"type":"MultiPoint","coordinates":[[3.963139,48.251222]]}},
{"type":"Feature","properties":{"name":"PON","pointStyle":{"type":"vor","color":[14,14,14]}},"geometry":{"type":"MultiPoint","coordinates":[[2.035889,49.096083]]}},
{"type":"Feature","properties":{"name":"TSU","pointStyle":{"type":"vor","color":[14,14,14]}},"geometry":{"type":"MultiPoint","coordinates":[[2.102361,48.753722]]}},
{"type":"Feature","properties":{"name":"LGL","pointStyle":{"type":"vor","color":[14,14,14]}},"geometry":{"type":"MultiPoint","coordinates":[[0.530278,48.790611]]}},
{"type":"Feature","properties":{"name":"RBT","pointStyle":{"type":"square","color":[14,14,14]}},"geometry":{"type":"MultiPoint","coordinates":[[1.994222,48.653944]]}},
{"type":"Feature","properties":{"name":"HOL","pointStyle":{"type":"circle","color":[14,14,14]}},"geometry":{"type":"MultiPoint","coordinates":[[1.8205,48.730583]]}},
{"type":"Feature","properties":{"name":"VAT","pointStyle":{"type":"circle","color":[14,14,14]}},"geometry":{"type":"MultiPoint","coordinates":[[4.016111,48.797778]]}},
{"type":"Feature","properties":{"name":"CVT","pointStyle":{"type":"circle","color":[14,14,14]}},"geometry":{"type":"MultiPoint","coordinates":[[4.318806,48.759194]]}},
{"type":"Feature","properties":{"zoomin":9,"name":"BT","pointStyle":{"type":"vor_dme","color":[14,14,14]}},"geometry":{"type":"MultiPoint","coordinates":[[2.455167,48.974667]]}},
{"type":"Feature","properties":{"zoomin":9,"name":"VP730","pointStyle":{"type":"triangle_hollow","color":[14,14,14]}},"geometry":{"type":"MultiPoint","coordinates":[[2.5475,49.049722]]}},
{"type":"Feature","properties":{"zoomin":9,"name":"VP737","pointStyle":{"type":"triangle_hollow","color":[14,14,14]}},"geometry":{"type":"MultiPoint","coordinates":[[2.551667,49.086667]]}},
{"type":"Feature","properties":{"zoomin":9,"name":"VP716","pointStyle":{"type":"triangle_hollow","color":[14,14,14]}},"geometry":{"type":"MultiPoint","coordinates":[[2.586389,48.971111]]}},
{"type":"Feature","properties":{"zoomin":9,"name":"VP713","pointStyle":{"type":"triangle_hollow","color":[14,14,14]}},"geometry":{"type":"MultiPoint","coordinates":[[2.615278,48.955833]]}},
{"type":"Feature","properties":{"uuid":"Paris_West_Airspace_Altitudes","textStyle":{"color":[248,248,126],"fontFamily":"Arial","fontSize":10,"fontWeight":400,"text":"3"},"activation":{"activeRunways":{"LFPG":{"arr":["26L","27R"]}}}},"geometry":{"type":"MultiPoint","coordinates":[[1.811398,48.927532]]}},
{"type":"Feature","properties":{"uuid":"Paris_West_Airspace_Altitudes","textStyle":{"color":[248,248,126],"fontFamily":"Arial","fontSize":10,"fontWeight":400,"text":"3"},"activation":{"activeRunways":{"LFPG":{"arr":["26L","27R"]}}}},"geometry":{"type":"MultiPoint","coordinates":[[1.995099,48.870925]]}},
{"type":"Feature","properties":{"uuid":"Paris_West_Airspace_Altitudes","textStyle":{"color":[248,248,126],"fontFamily":"Arial","fontSize":10,"fontWeight":400,"text":"2"},"activation":{"activeRunways":{"LFPG":{"arr":["26L","27R"]}}}},"geometry":{"type":"MultiPoint","coordinates":[[2.810275,49.179597]]}},
{"type":"Feature","properties":{"uuid":"Paris_West_Airspace_Altitudes","textStyle":{"color":[248,248,126],"fontFamily":"Arial","fontSize":10,"fontWeight":400,"text":"2"},"activation":{"activeRunways":{"LFPG":{"arr":["26L","27R"]}}}},"geometry":{"type":"MultiPoint","coordinates":[[2.9691,48.927532]]}},
{"type":"Feature","properties":{"uuid":"Paris_West_Airspace_Altitudes","textStyle":{"color":[248,248,126],"fontFamily":"Arial","fontSize":10,"fontWeight":400,"text":"3"},"activation":{"activeRunways":{"LFPG":{"arr":["26L","27R"]}}}},"geometry":{"type":"MultiPoint","coordinates":[[2.664845,49.444072]]}},
{"type":"Feature","properties":{"uuid":"Paris_West_Airspace_Altitudes","textStyle":{"color":[248,248,126],"fontFamily":"Arial","fontSize":10,"fontWeight":400,"text":"3"},"activation":{"activeRunways":{"LFPG":{"arr":["26L","27R"]}}}},"geometry":{"type":"MultiPoint","coordinates":[[3.101136,49.293295]]}},
{"type":"Feature","properties":{"uuid":"Paris_West_Airspace_Altitudes","textStyle":{"color":[248,248,126],"fontFamily":"Arial","fontSize":10,"fontWeight":400,"text":"5"},"activation":{"activeRunways":{"LFPG":{"arr":["26L","27R"]}}}},"geometry":{"type":"MultiPoint","coordinates":[[3.279097,49.402997]]}},
{"type":"Feature","properties":{"uuid":"Paris_West_Airspace_Altitudes","textStyle":{"color":[248,248,126],"fontFamily":"Arial","fontSize":10,"fontWeight":400,"text":"3"},"activation":{"activeRunways":{"LFPG":{"arr":["26L","27R"]}}}},"geometry":{"type":"MultiPoint","coordinates":[[3.129839,48.887284]]}},
{"type":"Feature","properties":{"uuid":"Paris_West_Airspace_Altitudes","textStyle":{"color":[248,248,126],"fontFamily":"Arial","fontSize":10,"fontWeight":400,"text":"4"},"activation":{"activeRunways":{"LFPG":{"arr":["26L","27R"]}}}},"geometry":{"type":"MultiPoint","coordinates":[[3.443663,48.872183]]}},
{"type":"Feature","properties":{"uuid":"Paris_West_Airspace_Altitudes","textStyle":{"color":[248,248,126],"fontFamily":"Arial","fontSize":10,"fontWeight":400,"text":"5"},"activation":{"activeRunways":{"LFPG":{"arr":["26L","27R"]}}}},"geometry":{"type":"MultiPoint","coordinates":[[3.61971,48.870925]]}},
{"type":"Feature","properties":{"uuid":"Paris_West_Airspace_Altitudes","textStyle":{"color":[248,248,126],"fontFamily":"Arial","fontSize":10,"fontWeight":400,"text":"7"},"activation":{"activeRunways":{"LFPG":{"arr":["26L","27R"]}}}},"geometry":{"type":"MultiPoint","coordinates":[[3.631191,48.705769]]}},
{"type":"Feature","properties":{"uuid":"Paris_West_Airspace_Altitudes","textStyle":{"color":[248,248,126],"fontFamily":"Arial","fontSize":10,"fontWeight":400,"text":"7"},"activation":{"activeRunways":{"LFPG":{"arr":["26L","27R"]}}}},"geometry":{"type":"MultiPoint","coordinates":[[3.600574,49.336956]]}},
{"type":"Feature","properties":{"uuid":"Paris_West_Airspace_Altitudes","textStyle":{"color":[248,248,126],"fontFamily":"Arial","fontSize":10,"fontWeight":400,"text":"7"},"activation":{"activeRunways":{"LFPG":{"arr":["26L","27R"]}}}},"geometry":{"type":"MultiPoint","coordinates":[[3.466625,49.637779]]}},
{"type":"Feature","properties":{"uuid":"Paris_West_Airspace_Altitudes","textStyle":{"color":[248,248,126],"fontFamily":"Arial","fontSize":10,"fontWeight":400,"text":"7"},"activation":{"activeRunways":{"LFPG":{"arr":["26L","27R"]}}}},"geometry":{"type":"MultiPoint","coordinates":[[2.884904,49.5795]]}},
{"type":"Feature","properties":{"uuid":"Paris_East_Airspace_Altitudes","textStyle":{"color":[248,248,126],"fontFamily":"Arial","fontSize":10,"fontWeight":400,"text":"7"},"activation":{"activeRunways":{"LFPG":{"arr":["08R","09L"]}}}},"geometry":{"type":"MultiPoint","coordinates":[[1.726394,49.473838]]}},
{"type":"Feature","properties":{"uuid":"Paris_East_Airspace_Altitudes","textStyle":{"color":[248,248,126],"fontFamily":"Arial","fontSize":10,"fontWeight":400,"text":"5"},"activation":{"activeRunways":{"LFPG":{"arr":["08R","09L"]}}}},"geometry":{"type":"MultiPoint","coordinates":[[1.681186,49.351987]]}},
{"type":"Feature","properties":{"uuid":"Paris_East_Airspace_Altitudes","textStyle":{"color":[248,248,126],"fontFamily":"Arial","fontSize":10,"fontWeight":400,"text":"4"},"activation":{"activeRunways":{"LFPG":{"arr":["08R","09L"]}}}},"geometry":{"type":"MultiPoint","coordinates":[[1.829726,49.361802]]}},
{"type":"Feature","properties":{"uuid":"Paris_East_Airspace_Altitudes","textStyle":{"color":[248,248,126],"fontFamily":"Arial","fontSize":10,"fontWeight":400,"text":"3"},"activation":{"activeRunways":{"LFPG":{"arr":["08R","09L"]}}}},"geometry":{"type":"MultiPoint","coordinates":[[1.911531,49.349182]]}},
{"type":"Feature","properties":{"uuid":"Paris_East_Airspace_Altitudes","textStyle":{"color":[248,248,126],"fontFamily":"Arial","fontSize":10,"fontWeight":400,"text":"5"},"activation":{"activeRunways":{"LFPG":{"arr":["08R","09L"]}}}},"geometry":{"type":"MultiPoint","coordinates":[[2.049307,49.354792]]}},
{"type":"Feature","properties":{"uuid":"Paris_East_Airspace_Altitudes","textStyle":{"color":[248,248,126],"fontFamily":"Arial","fontSize":10,"fontWeight":400,"text":"7"},"activation":{"activeRunways":{"LFPG":{"arr":["08R","09L"]}}}},"geometry":{"type":"MultiPoint","coordinates":[[2.856589,49.582827]]}},
{"type":"Feature","properties":{"uuid":"Paris_East_Airspace_Altitudes","textStyle":{"color":[248,248,126],"fontFamily":"Arial","fontSize":10,"fontWeight":400,"text":"7"},"activation":{"activeRunways":{"LFPG":{"arr":["08R","09L"]}}}},"geometry":{"type":"MultiPoint","coordinates":[[3.43568,49.645594]]}},
{"type":"Feature","properties":{"uuid":"Paris_East_Airspace_Altitudes","textStyle":{"color":[248,248,126],"fontFamily":"Arial","fontSize":10,"fontWeight":400,"text":"5"},"activation":{"activeRunways":{"LFPG":{"arr":["08R","09L"]}}}},"geometry":{"type":"MultiPoint","coordinates":[[1.580007,48.92666]]}},
{"type":"Feature","properties":{"uuid":"Paris_East_Airspace_Altitudes","textStyle":{"color":[248,248,126],"fontFamily":"Arial","fontSize":10,"fontWeight":400,"text":"8"},"activation":{"activeRunways":{"LFPG":{"arr":["08R","09L"]}}}},"geometry":{"type":"MultiPoint","coordinates":[[1.496049,48.72257]]}},
{"type":"Feature","properties":{"uuid":"Paris_East_Airspace_Altitudes","textStyle":{"color":[248,248,126],"fontFamily":"Arial","fontSize":10,"fontWeight":400,"text":"9"},"activation":{"activeRunways":{"LFPG":{"arr":["08R","09L"]}}}},"geometry":{"type":"MultiPoint","coordinates":[[1.41855,48.669995]]}},
{"type":"Feature","properties":{"uuid":"Paris_East_Airspace_Altitudes","textStyle":{"color":[248,248,126],"fontFamily":"Arial","fontSize":10,"fontWeight":400,"text":"3"},"activation":{"activeRunways":{"LFPG":{"arr":["08R","09L"]}}}},"geometry":{"type":"MultiPoint","coordinates":[[3.117072,48.892703]]}},
{"type":"Feature","properties":{"uuid":"Paris_East_Airspace_Altitudes","textStyle":{"color":[248,248,126],"fontFamily":"Arial","fontSize":10,"fontWeight":400,"text":"2"},"activation":{"activeRunways":{"LFPG":{"arr":["08R","09L"]}}}},"geometry":{"type":"MultiPoint","coordinates":[[2.262429,48.88421]]}},
{"type":"Feature","properties":{"uuid":"Paris_East_Airspace_Altitudes","textStyle":{"color":[248,248,126],"fontFamily":"Arial","fontSize":10,"fontWeight":400,"text":"3"},"activation":{"activeRunways":{"LFPG":{"arr":["08R","09L"]}}}},"geometry":{"type":"MultiPoint","coordinates":[[2.237673,48.848099]]}},
{"type":"Feature","properties":{"uuid":"Paris_East_Airspace_Altitudes","textStyle":{"color":[248,248,126],"fontFamily":"Arial","fontSize":10,"fontWeight":400,"text":"3"},"activation":{"activeRunways":{"LFPG":{"arr":["08R","09L"]}}}},"geometry":{"type":"MultiPoint","coordinates":[[1.982571,48.871468]]}},
{"type":"Feature","properties":{"uuid":"Paris_East_Airspace_Altitudes","textStyle":{"color":[248,248,126],"fontFamily":"Arial","fontSize":10,"fontWeight":400,"text":"3"},"activation":{"activeRunways":{"LFPG":{"arr":["08R","09L"]}}}},"geometry":{"type":"MultiPoint","coordinates":[[1.798511,48.935853]]}},
{"type":"Feature","properties":{"uuid":"Paris_East_Airspace_Altitudes","textStyle":{"color":[248,248,126],"fontFamily":"Arial","fontSize":10,"fontWeight":400,"text":"5"},"activation":{"activeRunways":{"LFPG":{"arr":["08R","09L"]}}}},"geometry":{"type":"MultiPoint","coordinates":[[1.916912,48.780054]]}},
{"type":"Feature","properties":{"uuid":"Paris_East_Airspace_Altitudes","textStyle":{"color":[248,248,126],"fontFamily":"Arial","fontSize":10,"fontWeight":400,"text":"3"},"activation":{"activeRunways":{"LFPG":{"arr":["08R","09L"]}}}},"geometry":{"type":"MultiPoint","coordinates":[[3.086934,49.29516]]}}
]}